relative_altitude_deg,elongation_deg,relative_azimuth_deg,moon_lag_minutes,y_true,y_pred,p_class_0,p_class_1,p_class_2
6.266519430104753,8.195410759936438,5.28852974665017,29.667448200000003,0,0,0.8291450086249039,0.12857773502435405,0.04227725635074206
8.734653624883718,10.66441348426146,6.136143953554381,43.47855458333333,1,0,0.6729615317567212,0.16108502494982108,0.16595344329345768
0.5313935427429316,11.10261483117249,11.090476449353446,4.462990133333333,0,0,0.8809155054643815,0.11392233890478291,0.00516215563083564
9.731454272786529,9.847261099843932,1.511354801192823,50.09364428333333,1,0,0.6712598777656218,0.17041351229376492,0.1583266099406133
15.90064508645103,18.730000017989443,10.009410242963895,76.04025006666667,2,2,0.031771742076354574,0.02890418164799598,0.9393240762756495
5.520672843686022,15.695416815249562,14.706533099913202,33.78809435,0,0,0.6855831988377251,0.1975230240727901,0.11689377708948472
7.270315123013355,10.119060693651935,7.051520662893438,37.69395173333333,1,0,0.7566711987345103,0.15135983030688746,0.0919689709586023
20.623645243580867,23.006031205503888,10.397957907837167,90.08002448333332,2,2,0.0019879457431337295,0.004028458202190956,0.9939835960546755
14.222266459315897,14.225890884237309,0.3239057775095944,69.42412516666667,2,2,0.2177319188177549,0.12591636872260942,0.6563517124596357
6.210926850037895,6.417133528612203,1.6157534478780349,30.603837316666667,0,0,0.8590835701101283,0.11599188207640386,0.02492454781346784
10.737617606115824,11.429583533331,3.9346799154434393,53.281471,2,0,0.5267786777804827,0.16419524375721356,0.3090260784623038
1.772060789405811,7.711293529690989,7.505224028757937,8.254513633333334,0,0,0.9017966781366562,0.09288263818937109,0.0053206836739727766
9.982086702736776,17.14980089184825,14.000388827458522,51.759199,0,2,0.3032612466470723,0.14239923179306962,0.5543395215598581
5.32012547514087,6.2725008553149895,3.3256184054798723,22.132302033333332,0,0,0.8751186902244361,0.10600363219991676,0.018877677575647164
5.070050461592758,8.978346808325558,7.415512248254373,23.8404995,0,0,0.8429810041643174,0.12635493080626126,0.030664065029421376
10.804032910259902,11.635238164744257,4.339089044814642,58.067637483333336,2,0,0.5082260571537941,0.1617754223473251,0.3299985204988808
12.424028895931816,16.07221098355284,10.26195586634978,55.28596258333334,2,2,0.1811718766208618,0.09554274251030434,0.723285380868834
12.554437564493622,12.81339174486037,2.579953577671091,62.2575714,0,2,0.3476389135943554,0.1470122453642539,0.5053488410413907
9.98713898612796,18.416665434598748,15.534706229877884,59.42637313333333,2,2,0.25403029781639447,0.1338755555512393,0.6120941466323662
1.5106318316980194,1.9733945247529403,1.269792821985817,7.136564666666667,0,0,0.9423309118355384,0.05606839628457812,0.0016006918798835638
4.208631728512797,4.311216836819344,0.9353255110192435,22.38602675,0,0,0.9074949158008689,0.0851906075262474,0.007314476672883686
4.165802099710964,4.9402730267112585,2.6568517249842785,21.256920233333336,0,0,0.9030042171566031,0.08799287456443888,0.009002908278958166
9.2654278934318,10.953173367325432,5.860919316755258,38.7972936,0,0,0.6340418510263384,0.16336265707709952,0.20259549189656223
7.212489434853024,11.347037598218416,8.775996543806457,38.820361983333335,1,0,0.7256463563860016,0.160880440130659,0.11347320348333932
12.7495979001848,17.9167177813121,12.67426431133913,62.38005186666667,2,2,0.11396466616192645,0.07245881164124267,0.8135765221968309
3.9277759352064394,12.061024933298151,11.408013767061677,18.86681475,0,0,0.8192196381665304,0.14896809760143975,0.03181226423202989
10.10200490604878,10.875420555219542,4.044209401910621,45.61708093333333,0,0,0.5935147666832532,0.1659446106210603,0.24054062269568646
8.035484026023145,8.098299671143332,1.0090967553138055,46.60559541666667,1,0,0.78855758412357,0.1475739766687829,0.06386843920764713
9.626216876480122,15.464017896198994,12.146438818190688,44.08680888333333,2,2,0.40423587313586024,0.15837163820481026,0.43739248865932945
5.285717482450281,5.310056523730395,0.5082638902012491,26.13293733333333,0,0,0.8861092176175848,0.10100328097587803,0.012887501406537095
8.925210906355698,16.31754333500903,13.701894924001522,42.80619171666667,0,0,0.4259479091341428,0.17004533665311922,0.40400675421273796
10.706432966926094,11.339857827055486,3.754167713580955,72.78793143333334,2,0,0.5295710100704953,0.16385604510736534,0.30657294482213937
1.265486897785405,8.122096902918285,8.02311714840016,5.812237233333334,0,0,0.902507762637812,0.09304302838076194,0.0044492089814260356
6.858369249062899,9.470049936579317,6.540932121324431,38.1582446,0,0,0.786820186547456,0.14352777967345046,0.06965203377909356
3.6804135616690288,18.35476360527702,17.987889474100484,24.897664833333334,0,0,0.6972883976629612,0.22403160763853128,0.07867999469850742
12.933065129465431,13.075043280673784,1.9351725775663624,62.755429850000006,2,2,0.3192515474568211,0.1443157059883179,0.536432746554861
13.975534954634366,15.336185676534305,6.3683281609724816,78.88549316666666,2,2,0.1373260672349883,0.07970340312136373,0.782970529643648
17.722145031609294,17.82874547061243,1.9743677419961612,87.15002366666666,2,2,0.03142334343136991,0.03374909506004129,0.9348275615085888
-2.854657059385634,10.508349271111047,10.122126314527264,1439.2183384666666,0,0,0.8947422552276877,0.09846887753326422,0.006788867239047981
11.378041376338926,14.295767177347605,8.700876024553338,62.168931883333336,2,2,0.31790398970572825,0.1314357002347351,0.5506603100595366
14.141641002507408,14.518689819934504,3.3156222827627744,98.21599818333334,0,2,0.1705203284527171,0.09649947715221403,0.7329801943950689
18.89613764244673,19.302021297960643,4.00194121334863,100.25417723333334,2,2,0.012477810819792772,0.016574614495254814,0.9709475746849524
13.937323780438714,15.43159538735855,6.679877723257846,81.83210966666667,2,2,0.1345121683817857,0.07829275813083059,0.7871950734873837
14.660822565522574,22.90627807807262,17.76519950249181,73.0645605,2,2,0.019372900910064866,0.02248817947966595,0.9581389196102691
8.124285076178477,9.459362543488693,4.856975286959624,39.5541763,1,0,0.742432787112445,0.15217984875587098,0.10538736413168391
17.282485904158673,17.282740966957572,0.0951563811563573,73.7497968,0,2,0.0497191159179911,0.050259152101620776,0.9000217319803882
14.3269980080721,16.078221772209957,7.361778116931589,82.11582485000001,2,2,0.10268796931702849,0.06523607131367773,0.8320759593692937
-1.5358533279655622,3.3482315070799293,2.976450756489953,1477.6268981166666,0,0,0.9379696565332635,0.057999084003717824,0.004031259463018515
6.3485889104733975,6.81135217558719,2.4711125153864373,32.75758915,0,0,0.8505104580232825,0.11940283923541624,0.030086702741301184
4.341415947570854,7.302127446144915,5.874395385914397,24.67594803333333,0,0,0.877178790875256,0.10648973433222132,0.01633147479252279
2.054414829169632,6.054982187919352,5.696142371449298,10.024687083333331,0,0,0.9131177314414376,0.08234322562356389,0.004539042934998413
12.740237073917111,12.7421330192235,0.2213026086439526,61.159411633333335,0,2,0.37503974730829825,0.1659454002260527,0.4590148524656491
15.42765345619746,18.52880588446444,10.369236668258509,81.93357859999999,2,2,0.03878257537832075,0.03318856495132511,0.9280288596703542
10.248131583661412,18.58623466929221,15.570620520919135,59.42720776666667,2,2,0.22981371073078635,0.12562046860563533,0.6445658206635783
10.671117720896572,16.94931907066877,13.228858932021666,63.8365835,0,2,0.2565343460827839,0.1254229139368144,0.6180427399804017
13.31209821957128,17.385676283778487,11.266956985638783,96.08503633333332,2,2,0.10077802417162778,0.06456130221422668,0.8346606736141455
15.983757743601023,16.84616243151239,5.381136303822586,80.24350643333334,2,2,0.055492646618487546,0.04460252688236494,0.8999048264991475
6.765993563200215,9.168616616857925,6.197238697350571,33.37810248333333,1,0,0.7967355028965841,0.14040896827708313,0.06285552882633277
11.646632333834894,13.143964918088168,6.1266101586183765,65.06874295,0,2,0.36095452551925095,0.13987630107060714,0.49916917341014194
1.0564267543807722,3.188579267450751,3.0085733186564028,5.363672383333333,0,0,0.9382764130297845,0.06006089829069838,0.0016626886795171577
7.736855428726462,8.13928164699391,2.533135336658063,40.1220575,0,0,0.7931202813938099,0.14218143778112385,0.06469828082506619
6.171370782142171,6.192820830253415,0.5156365843694175,34.29688128333333,0,0,0.8629961050333796,0.11552453887067407,0.021479356095946322
8.832740464221676,13.528984087970606,10.278174346313191,52.829430466666665,2,0,0.5489272979719335,0.1695422012636864,0.28153050076437997
10.286277799237192,13.656575527440085,9.020882613789864,52.58325261666666,2,0,0.4324849423706959,0.15329888870307465,0.4142161689262295
8.075202581312078,8.090465598019158,0.4979202620093588,44.48617085,0,0,0.7893035916429407,0.14926569370794696,0.061430714649112296
4.4804841640768895,4.485030732461071,0.2020092837136076,20.19275285,0,0,0.9030213273918182,0.0891791812167943,0.0077994913913875166
3.6875110874924175,4.556720737953684,2.677811271724863,18.060864416666668,0,0,0.9109248836975338,0.08220291019412762,0.006872206108338739
14.30803393337819,14.441989046917874,1.9798014516185845,59.502859316666665,0,2,0.1862537089625593,0.10780836579421532,0.7059379252432253
11.164991308298813,15.970976716890249,11.477994569911118,48.39696078333333,0,2,0.2631019876423517,0.12293190830642797,0.6139661040512203
10.472761701911256,14.636368487577476,10.26962789290394,94.39900996666668,2,2,0.3597824027681631,0.14153196959178557,0.4986856276400515
7.701346001058291,10.583834018801651,7.275566335466181,39.7899079,1,0,0.7256696876166487,0.1569677280588489,0.11736258432450222
3.4328692769490807,16.826344919709243,16.476880949248482,22.156078616666665,1,0,0.7417357762975931,0.20278414713128443,0.055480076571122576
8.336859387682273,9.175499338269454,3.8422364141947862,45.69428858333333,0,0,0.7433333818242045,0.15256057961924996,0.10410603855654556
3.196732221493111,9.050988939135804,8.46951822620673,16.056919266666668,0,0,0.8730819373583097,0.1135172761271231,0.013400786514567126
13.78140677294766,17.321216387816808,10.578250138580929,74.34620088333332,2,2,0.09013202827687299,0.059837352114861464,0.8500306196082655
7.114744023567007,7.20985195999453,1.1692888264790895,35.74206478333333,1,0,0.8295294360566368,0.13137190924684494,0.039098654696518305
12.647428806252693,14.001345146583278,6.047034886790641,63.9518187,2,2,0.2559485126285106,0.11717689494033501,0.6268745924311543
12.862478494547856,14.725988588327324,7.220212465725012,64.16369513333333,2,2,0.20909648155064264,0.10323656388954619,0.6876669545598111
2.4941386843156144,4.399627173377846,3.624741659944732,,0,0,0.9215604045865619,0.07414276974790594,0.004296825665532328
17.964439484006345,17.98297927972134,0.8283125317773852,91.92816093333332,2,2,0.03086773578856596,0.03499529989976549,0.9341369643116686
14.020933170810448,14.422935658249344,3.4100780287934924,72.47233701666667,0,2,0.18348653603144216,0.10147861570191924,0.7150348482666387
7.916558437588392,9.27303323896576,4.839876677940765,40.81240656666667,0,0,0.7554757458023117,0.14954722327934258,0.09497703091834568
15.810247562583497,15.983936735128204,2.375886412901707,71.67288418333332,2,2,0.08617691535887355,0.06540421287782913,0.8484188717632973
11.015732433135376,13.609373264128733,8.031144299905804,98.65642276666668,2,2,0.3678641269647724,0.13942082877466316,0.49271504426056445
7.070871129712192,7.087487037531663,0.4858803415007742,33.187982016666666,0,0,0.83353492741711,0.1313178525555422,0.03514722002734771
11.478111988076927,11.564487530765206,1.4184014681977717,51.139666483333336,2,0,0.4989961082213696,0.17357220700409232,0.32743168477453816
16.58042457294673,17.797906146351117,6.548900063426572,134.25360824999998,2,2,0.03207492816086752,0.02942838503949021,0.9384966867996424
9.799905487802944,11.946137236296837,6.85745644602946,47.286899250000005,2,0,0.5535070375220621,0.16265047381460332,0.28384248866333456
9.610687509576744,10.161325303976447,3.3114682124397063,53.23392935,0,0,0.653217342673115,0.16516057953620905,0.18162207779067605
9.139244525554174,9.729561670140628,3.3481606362986724,44.18839273333333,0,0,0.6936009034869972,0.16149223147152708,0.1449068650414757
7.837872538253791,12.380884079811583,9.605563436835553,57.15219078333334,1,0,0.6581095229328036,0.16886106375389534,0.17302941331330113
18.99235019283613,21.51983006345569,10.286713515618487,101.0747298,2,2,0.005109282074217679,0.007851414494473463,0.987039303431309
15.582596118459264,16.202986975499005,4.488122781098355,88.37781418333334,2,2,0.07541088459909487,0.055750675567006226,0.868838439833899
9.5421906317627,14.025359630877569,10.315474906810152,43.167276066666666,0,0,0.47547921386628916,0.1628605390764173,0.36166024705729355
-0.8550330533290115,14.77940773381382,14.758384176612026,1459.6585401999998,1,0,0.8072880194182268,0.1520146021712967,0.04069737841047652
14.921322626068685,15.121405436045151,2.4755362869773307,68.35403355,2,2,0.13316100720334856,0.08610767740541676,0.7807313153912347
12.229328746673758,16.441343002762622,11.057722334826735,66.48929931666666,0,2,0.17691695094009732,0.09467924367191236,0.7284038053879903
14.123227823313258,16.079906297743367,7.753613990381439,98.22498838333333,2,2,0.10610655135870144,0.06611284580436631,0.8277806028369322
6.680152584803123,6.805097589060678,1.3000269628104777,51.42599978333333,0,0,0.8441109114605361,0.12386140225214172,0.0320276862873223
4.57442330159079,5.263690794289015,2.605585360388943,20.30443125,0,0,0.8956083103747282,0.09316906141269203,0.011222628212579808
13.334465653251003,13.612981780570433,2.760284627713645,59.83930595,2,2,0.26077370387635745,0.1268793101323719,0.6123469859912707
3.51372106911114,3.668977566158045,1.056314552196568,18.183258616666667,0,0,0.918737415818747,0.07630130974452658,0.004961274436726565
9.675068221634028,13.537617813162717,9.503604207094952,50.43384913333333,0,0,0.48563587391792945,0.16137592713746524,0.35298819894460537
9.883959467214458,17.27364326774884,14.221009114673166,69.91719933333334,2,2,0.3013961656165494,0.1421869509332111,0.5564168834502394
14.898073902123375,15.653851705337363,4.851746165117504,64.41051138333333,2,2,0.1058434790215319,0.0695866054684326,0.8245699155100356
10.7546162203909,10.88366528739732,1.6788317763843563,47.65401493333333,2,0,0.5733127798983503,0.1749165951448689,0.25177062495678076
11.252599564253032,13.749207067992884,7.941439333495055,48.04734943333334,2,2,0.35793971735481694,0.13968514168450158,0.5023751409606815
13.650879176866406,16.89542517111875,10.03476604633954,72.52528923333333,2,2,0.103563908927422,0.06557800329446548,0.8308580877781125
5.78085397178963,7.331073269590939,4.5133083989730665,30.602490666666665,0,0,0.8531090788075203,0.11771993276388229,0.02917098842859746
6.582500701185097,10.666655643646564,8.40573973059304,33.206697266666666,0,0,0.7692629563557511,0.15218568510688582,0.07855135853736309
9.328110394412674,9.71934351374609,2.739017118115044,56.429644716666665,0,0,0.6860369138379446,0.16354550543047391,0.15041758073158149
9.785538810930175,12.080555792009603,7.110625757917376,49.8188595,2,0,0.5472266380438183,0.16239000991276525,0.2903833520434164
4.213817950314754,13.727405116667883,13.07085762663553,20.695704166666665,0,0,0.7822827036905337,0.16975853895822862,0.04795875735123774
8.967488566836677,9.265166590308334,2.3368448213323063,49.61481196666667,1,0,0.7199938762793657,0.16012176139249445,0.11988436232813976
8.831237588261239,10.94243549100575,6.480285514705315,44.88771296666666,1,0,0.6567816932803898,0.16230588672088278,0.18091241999872726
6.709933146697851,7.795034057876723,3.973417531023017,32.871965233333334,0,0,0.8259674803180447,0.12930033924617015,0.04473218043578522
2.5634840559389165,6.396543279316401,5.861071055640821,12.630028,0,0,0.9061181549838812,0.08773153319635706,0.006150311819761831
9.702211719020132,12.863555162251211,8.477331732996191,50.07858683333333,2,0,0.5153229307573379,0.1620109161931585,0.3226661530495036
5.139720350485463,5.31070194015603,1.3377876953026655,27.3105956,0,0,0.8880482018071494,0.0988011708952128,0.01315062729763787
10.89465507066916,13.523978118006733,8.051252644767743,59.26070251666667,2,2,0.39197318863646796,0.14535700843164126,0.4626698029318908
8.140799402334618,9.1216458489103,4.124912768569573,35.54318458333333,1,0,0.7529493264515429,0.15064896193458183,0.09640171161387527
10.763258504319548,11.112522539664102,2.7770323840825317,47.61805313333333,2,0,0.5512902442202287,0.169424323398986,0.2792854323807853
7.032716304550285,8.992125389588477,5.613204713923636,32.92063271666667,0,0,0.7926241431557909,0.14095844724927842,0.06641740959493084
7.666897475636014,16.701768902348928,14.869737281696302,40.38454191666666,1,0,0.5130758752764876,0.19176259962190137,0.29516152510161103
0.2726016763049439,5.863820519154896,5.857919981133193,0.9643784833333334,0,0,0.9262939569828402,0.07189903818221521,0.001807004834944539
12.873838675866397,13.627960926933769,4.501766681521815,56.89864525,2,2,0.2707929956919024,0.12399960378813435,0.6052074005199632
13.935557965917328,16.39791084557482,8.714592954345449,62.78051665,2,2,0.10797980874622601,0.06745484645444486,0.8245653447993292
13.087537246235671,13.262070821412625,2.160046289621903,53.81744928333333,2,2,0.3001927239968783,0.13941189270700452,0.5603953832961172
9.267784295443388,11.953660219486231,7.574755476427015,47.68686278333333,0,0,0.5877092496192711,0.1644834713222324,0.24780727905849656
11.918191290125844,11.918218652038137,0.025688449576819,54.156883916666665,2,0,0.4738214586132595,0.18109250668860846,0.345086034698132
8.5153726255313,13.009320665133435,9.862006606850484,50.39010275,0,0,0.5932739020758391,0.17032708556964193,0.23639901235451882
5.89332424264341,8.713422333481711,6.4253538921070685,29.09544503333333,0,0,0.8289511639075589,0.13007516415910067,0.04097367193334044
8.683126732788221,10.251421680122965,5.464841064657435,44.48518106666667,0,0,0.6910484019776076,0.15926188024744312,0.1496897177749493
7.507849340729343,7.830265504992097,2.2282935993649176,43.5855,0,0,0.8063047828258638,0.13820229238671952,0.055492924787416686
10.739746002974918,10.755254240562088,0.5800452842678965,47.563559866666665,0,0,0.59232193100437,0.18133868150968388,0.2263393874859462
7.294030159312044,11.262332588940684,8.597446381664952,40.62264063333334,0,0,0.724112724914246,0.16046575258549642,0.1154215225002574
12.095763339818015,18.934861684667595,14.65667806152976,61.94434168333333,2,2,0.11805149829570435,0.07758890199925775,0.804359599705038
7.907228043711379,10.370911390211354,6.725920374248915,43.89403168333333,0,0,0.7224301364403887,0.15635713259224793,0.12121273096736337
2.4664963702215186,2.486449228072241,0.3143970459944398,13.135362566666666,0,0,0.9335917397836527,0.06395365048700576,0.002454609729341408
10.220334715689354,16.51065620181087,13.021089743320973,61.720597516666665,2,2,0.3075637016401995,0.13922990469235796,0.5532063936674425
13.5857370421411,13.875586468618485,2.843513974243706,59.28112841666667,0,2,0.23478867943886808,0.11953284348735761,0.6456784770737742
10.792799919383736,18.22298587639553,14.752307400994257,50.097342966666666,1,2,0.20759215735345368,0.11474089987366932,0.677666942772877
10.012646408228589,17.033578981597167,13.834781837659875,48.42823388333333,0,2,0.30630532826710266,0.14265182481144525,0.5510428469214521
12.60962545631686,12.648089111715072,0.992222131228914,64.16219985000001,2,2,0.3743565465135419,0.16034718885362131,0.4652962646328368
13.28357718885228,13.54314631563854,2.65859686684874,57.93878101666667,0,2,0.26844049748242166,0.1293415029371788,0.6022179995803995
3.6295576705898096,9.27770622966596,8.540960541752781,18.305473666666668,0,0,0.8642533468138534,0.11866876558424852,0.017077887601898212
2.4658035285930877,9.050033802203968,8.708520653001301,14.371871183333331,0,0,0.8820446953827147,0.10847077868827538,0.009484525929009908
8.103745876291095,12.257024090955731,9.218191052045086,33.82028755,0,0,0.6511742144579743,0.16867584248019066,0.18014994306183515
4.964995093629366,9.72396114751982,8.366972789483498,20.17459213333333,0,0,0.8339255549314619,0.1325670810072986,0.033507364061239366
15.16397465737485,15.93417152550207,4.94329368840306,66.56071920000001,2,2,0.09139582731275328,0.06306852436326386,0.8455356483239828
7.020718404003095,7.387105552156396,2.3015336689177843,37.760754266666666,0,0,0.8270467180480706,0.1301858136817709,0.04276746827015858
9.452544781186075,9.927775194498118,3.0453433644356664,43.40397335,1,0,0.6732060224936438,0.1646318206507939,0.16216215685556232
14.956794216304957,15.230278922025818,2.901308986138986,68.3205659,2,2,0.12560105588117387,0.08181478799967966,0.7925841561191465
14.72243088523804,15.67678676282654,5.437013852882444,67.96097528333333,2,2,0.10768375455582141,0.0694317124586231,0.8228845329855555
0.5255519860282128,1.854598140322112,1.7786695191572903,1.602294,0,0,0.947550172192499,0.051446181525635945,0.0010036462818650287
9.139468707491368,9.983888299007534,4.0313713237104025,53.94631876666666,1,0,0.6803040384898656,0.16118267935383204,0.15851328215630248
5.2909726803624055,5.326186422585217,0.611973155090908,29.22728483333333,0,0,0.8858183767447632,0.10103698756703182,0.013144635688205165
7.212663715775209,7.544593340125382,2.217296629572104,35.560127,0,0,0.8199248929046341,0.133288654008598,0.0467864530867678
8.95214038788387,22.12679786706592,20.29734069136288,43.47042713333334,2,2,0.21141449880286575,0.14396368623396194,0.6446218149631723
0.1959697319030838,1.3020800104367425,1.2873549589094182,0.9970987833333332,0,0,0.9513615972789714,0.04786661810806991,0.0007717846129586442
15.543471228959651,15.544012686602237,0.1311187163249201,77.63696963333334,2,2,0.12095740484172103,0.08919940096349241,0.7898431941947864
3.951737481266905,4.987578540636331,3.044186780302539,21.030099,0,0,0.9048145152754203,0.08673354605038337,0.008451938674196337
3.30570873013477,5.035887037201745,3.799922482396937,16.106227466666667,0,0,0.9106549196211103,0.08275810062565886,0.006586979753230873
6.882734342123107,12.978844121295973,11.021682330689572,34.656495166666666,0,0,0.6950073197809299,0.17359627979340672,0.13139640042566342
11.87964265634949,13.191781872276138,5.7690842588158375,53.49496931666667,2,2,0.34754692991207337,0.13833305110908517,0.5141200189788415
8.573120676094677,8.64613852120601,1.1244008313383915,40.58368395,0,0,0.7588078836969264,0.1563246321439231,0.08486748415915055
12.170743194480409,13.081930120348373,4.826422087350522,52.3470701,0,2,0.33981815028806606,0.13857558651264398,0.5216062631992899
14.59858704357162,14.825290645722667,2.606610329546811,79.20956156666666,2,2,0.15114461407369764,0.09233886975290491,0.7565165161733974
3.5799838775869466,4.501906796853043,2.730455303251574,18.319755166666667,0,0,0.9123325943617027,0.08114382355225089,0.006523582086046389
15.203222382378724,15.266399264974591,1.401470251949803,78.09085591666667,2,2,0.127189341497594,0.08690204903526398,0.785908609467142
3.235436064845548,4.416896162185688,3.0074948839859417,17.60096648333333,0,0,0.9159953453394906,0.07839823788573605,0.0056064167747734706
1.4540096473087585,6.248774384364643,6.077429316999456,9.813690066666668,0,0,0.916081269599745,0.08039319379234224,0.0035255366079127307
3.071832735691685,3.35167565997693,1.3409976513513584,18.0440824,0,0,0.9244900938458613,0.071508251616067,0.004001654538071636
10.221482231144524,12.069431814658405,6.444785767186659,54.66859675,0,0,0.5177573171078531,0.16010373602571093,0.32213894686643585
6.790134897632479,10.705483434770912,8.289738672677345,54.45970603333333,1,0,0.7583426732623318,0.15347616288525415,0.08818116385241401
11.91649289534982,12.389088620065897,3.409116940739864,51.77679976666666,2,2,0.404522341151555,0.15371480787129657,0.44176285097714857
15.612685371615688,16.428724852527687,5.168310428220082,67.46887951666666,0,2,0.07052651227141692,0.05286017379264075,0.8766133139359424
8.870134561417618,14.794148497429152,11.875619486196284,41.04675438333334,1,0,0.49538869426246207,0.17160497129056448,0.33300633444697336
12.126882435538356,14.28776107306219,7.601261946089949,52.71894255,0,2,0.27231036832141403,0.12070640340229614,0.6069832282762898
8.844077699292546,15.665142372169369,12.968334316129416,40.02692293333334,0,0,0.4608322277494192,0.1722531803449811,0.3669145919055996
10.67643703320367,17.847929369115114,14.368310619451847,67.52502278333333,2,2,0.2235937564101114,0.11853679634361346,0.657869447246275
6.507439504459095,10.320835559576953,8.02230107298692,48.36518495,0,0,0.7783340203546054,0.14856946902325868,0.07309651062213599
13.166724153307044,13.174547037061073,0.4572781208988203,63.9993011,0,2,0.3224313043764311,0.15365095489556668,0.5239177407280022
20.154800363523236,20.555879607363003,4.1170517628222,101.90362275,2,2,0.005914955366148397,0.00984669216111503,0.9842383524727366
10.536075416616004,13.739452581261284,8.857632592416905,51.30065681666667,2,2,0.40978240576320957,0.1495882149891558,0.44062937924763457
12.099210514509757,22.295985135963004,18.84213006291577,74.52020338333334,0,2,0.062457677051531,0.05557136144308114,0.881970961505388
17.08168801768522,17.09598651123354,0.7082138154636937,90.98042121666668,2,2,0.05090558658594073,0.04925474461881887,0.8998396687952405
10.013826996711437,11.41053428873692,5.491910627427586,50.778417833333336,0,0,0.5668688128152883,0.16314808860855248,0.26998309857615915
5.345044826791078,10.774551281733755,9.363531390214916,24.027995983333334,1,0,0.8066025839714068,0.14553002831775597,0.047867387710837206
13.119773358241387,13.22211723277771,1.653895229006764,69.15396363333333,2,2,0.3030810990027878,0.14185693777632957,0.5550619632208825
9.037368190345717,9.50598446904226,2.957049215601557,46.51729756666667,2,0,0.7070109825468642,0.16053587316883228,0.13245314428430355
12.861822943223022,12.973687654438598,1.711875625573782,55.18808478333334,2,2,0.33373779141312915,0.14889960034488472,0.5173626082419861
15.611401802361884,16.72160348795253,6.055656398942233,65.4117263,2,2,0.0636150700306684,0.04850189013935023,0.8878830398299814
7.047205801369039,7.304027715184403,1.923160135847155,33.514551616666665,1,0,0.8285963663822786,0.13026336458338153,0.04114026903433969
8.774604172035264,8.846594094405033,1.1295866563083337,35.948147416666664,1,0,0.74697146789993,0.1595112604044345,0.0935172716956355
9.591010379935202,18.084211793552264,15.386600916602047,48.87531043333333,2,2,0.2986491809701679,0.1477627399715078,0.5535880790583243
11.58803453457048,19.238218974551422,15.4417266008046,55.93880858333333,2,2,0.1345691863943406,0.0870470147236069,0.7783837988820524
16.820202710792117,18.247176389953847,7.163494713669593,69.79330965000001,0,2,0.028395067916438473,0.027402988587870714,0.9442019434956909
14.538217241231209,14.665496021606817,1.9456167949468863,63.532864,2,2,0.16792564752829675,0.10135958756764156,0.7307147649040618
8.300481087245876,9.463181792902212,4.556306205135002,42.61516558333334,1,0,0.735331423810728,0.15349256118608773,0.1111760150031843
15.861000989485335,22.99837796936141,16.840013266797,82.30721253333333,2,2,0.01145492996898048,0.014859970613924238,0.9736850994170952
8.42479582503863,17.988359807530532,15.935915838016284,71.18263911666666,0,2,0.3918963735123561,0.17544924906355236,0.4326543774240915
0.6931050412003866,8.266769830596033,8.23801086662246,3.4491989333333333,0,0,0.9057811948386475,0.09079857559149423,0.0034202295698582
14.132986584457106,15.800107229736232,7.124965694233879,58.480916783333335,2,2,0.1196590031427766,0.07285265140532779,0.8074883454518956
3.4379823723990457,9.996403885131196,9.389140289455526,16.584674,0,0,0.8581938931036293,0.12408427766836849,0.01772182922800209
13.334695553467858,13.658447849633394,2.978538646268362,55.30177801666667,1,2,0.25743354985111505,0.12537196387959762,0.6171944862692873
5.119485589896298,17.121030220651512,16.350636642390953,31.945501466666663,1,0,0.6654841421128783,0.21227416614631867,0.12224169174080292
12.196083169810905,13.928634818342392,6.7694032994432405,69.84374684999999,2,2,0.2823763676257311,0.12277675061469778,0.594846881759571
6.270115823095125,6.527110690987381,1.81588627879853,25.9225437,0,0,0.8566486401083779,0.11712225287982078,0.026229107011801294
10.911283352028915,13.81396010806737,8.512515717389647,52.30253915,0,2,0.37785469965309065,0.14364901473178088,0.47849628561512864
11.757978397737814,23.61368559008687,20.595850674537644,57.43711496666666,2,2,0.05754293624795509,0.0560655386055968,0.886391525146448
3.670713995522068,4.747000594412287,3.010938359513318,14.641296983333332,0,0,0.9096398024435358,0.08324003581200033,0.007120161744463962
16.96465442748423,21.54784589421531,13.45760658779983,83.87959655,2,2,0.010441460088755567,0.013203342080108692,0.9763551978311358
5.884070660003534,9.993439709414451,8.086587236638707,31.7075541,0,0,0.8058753615020623,0.1416194245571948,0.05250521394074283
7.32808012765903,10.41042591539396,7.408473823609825,45.02898468333333,1,0,0.7457726612940113,0.15386776409491548,0.10035957461107328
3.141715495925893,3.63028230233049,1.81932721230487,14.188663216666669,0,0,0.9222597332743399,0.0733118617872248,0.0044284049384353
9.66896910722647,16.148061382422604,12.980722724315058,59.29266723333333,2,2,0.3671808021448708,0.15366951255079894,0.4791496853043303
6.811946320292068,7.092583446278808,1.9785464912228008,48.58579075,0,0,0.836369413178984,0.12637898526986835,0.03725160155114773
9.469335816337589,10.897277048011944,5.4115909960762565,50.30022161666667,0,0,0.6232408903673767,0.16330002921565007,0.21345908041697326
21.08087961425388,21.13922954995575,1.6022584633810766,107.64739368333332,2,2,0.0046022122525265505,0.00910996467747971,0.9862878230699937
12.218886702837365,13.03830506507453,4.5775893073052885,62.52356706666667,2,2,0.3379418396298302,0.13831847421777443,0.5237396861523953
15.522042394202348,15.64581142285244,1.9848857560579063,73.05372448333333,2,2,0.10354751318766355,0.07468205337772096,0.8217704334346155
5.439265975754903,9.037583629467369,7.224141548553831,28.1605523,0,0,0.8340138295672693,0.12961361727527526,0.036372553157455245
12.89991470731187,13.131514228706534,2.472607067915675,63.9177607,2,2,0.3112257955311104,0.13996826006580154,0.548805944403088
-3.357299731478001,5.592428752927451,4.47750895537024,1470.5452184833334,0,0,0.9343383200114411,0.0635185610192285,0.0021431189693303402
7.033309815260769,7.604102317003456,2.895493327288449,33.78670018333334,1,0,0.8224724133779258,0.13135431373249018,0.04617327288958394
11.44155892145544,15.617530444692992,10.6871430333604,64.65880215,2,2,0.25443692084041186,0.1183061141558839,0.6272569650037042
9.397972581620143,10.285394671562129,4.19371425595142,42.85101495,0,0,0.657346335938133,0.16338042072846543,0.17927324333340156
1.6533122716776043,5.666700539375313,5.420340661236878,7.9308391,0,0,0.9189914055190402,0.07752234038752973,0.0034862540934300747
3.0205158555197853,4.385492354134251,3.180060087312256,13.032830483333331,0,0,0.9180541807023039,0.07687013242527123,0.005075686872424917
9.472214885245153,12.097342323846108,7.551062151325198,39.71625313333333,0,0,0.5697022623743918,0.16430112091120366,0.26599661671440455
6.848332867975961,6.996676595794665,1.435442319458673,31.68214205,0,0,0.8386260416258083,0.12668114101832487,0.034692817355866684
13.5538447974399,14.006072482622194,3.5580208859087747,70.78889786666667,2,2,0.22136817720927537,0.11282009759958452,0.6658117251911401
10.625013535258676,11.96761974101059,5.532512690642534,45.39972721666666,2,0,0.5005048115289481,0.15976976608791618,0.33972542238313574
20.35551454652279,20.360266242709304,0.448330144324359,104.42606978333332,2,2,0.008037752895754856,0.014139701564675068,0.97782254553957
10.776586008908549,11.227423337525616,3.1643814971887423,77.56871555,0,0,0.5341410763986371,0.16575546081534206,0.300103462786021
9.39020434090125,9.93621303975076,3.2595411283039084,46.616647283333336,0,0,0.6743043067515252,0.16378046369782695,0.1619152295506479
8.037884527687385,8.505649837400467,2.788430270341223,41.96489698333333,0,0,0.7746263842972396,0.1471006130892056,0.0782730026135549
5.718942652621145,6.085278533572059,2.0816663110013,31.633593233333333,0,0,0.8711811511780537,0.10866418490655726,0.02015466391538898
20.911800283285316,22.259111120994568,7.782799520581989,91.32938223333332,2,2,0.00240758613990009,0.00479221132705919,0.9928002025330408
17.366433089501314,17.406631011354765,1.1983398973210342,74.22564315,2,2,0.04238779681218621,0.042885605572748856,0.914726597615065
11.78808151258354,14.35243269884442,8.234388287402084,,0,2,0.2914395635349412,0.12563776671850016,0.5829226697465586
5.64073447297802,6.50044443394383,3.2340284609006744,26.021583850000003,0,0,0.8672271268658361,0.11040273276480686,0.022370140369356972
4.99766891375432,13.061576120297508,12.076607380543834,25.851014116666665,0,0,0.771643778901809,0.16721774633241776,0.061138474765773214
8.33604405317116,9.06190231402938,3.5628586550097907,40.30835985,0,0,0.7479182680431494,0.15222226449951143,0.09985946745733919
3.126840950682169,6.717851420183459,5.947009655695723,16.3501246,2,0,0.8978921429550352,0.09362096440098497,0.00848689264397983
9.953461191368264,10.597471462478548,3.65220292035292,51.63012353333333,0,0,0.6151974983541256,0.16624682939927055,0.21855567224660385
7.983126434025329,8.576335339369763,3.1415368720986976,34.56342598333333,0,0,0.7746471634860859,0.14671132529824016,0.07864151121567403
6.058459519712896,6.064338431577237,0.2672835964976059,26.145940900000003,0,0,0.8667514921205348,0.11388126332831724,0.019367244551147807
8.706045059903115,8.750866367652586,0.8870928550994108,37.2752413,0,0,0.7529005852359689,0.1589889476300191,0.08811046713401197
15.507110486512044,18.84126896191535,10.814902867723305,80.07606326666668,2,2,0.034952031580491066,0.030898182490203985,0.934149785929305
7.164668408247511,17.18327052786342,15.646723621228205,33.84362648333333,0,0,0.5345744241097204,0.20066025409792257,0.264765321792357
7.824330620707892,9.308112785895627,5.053162665947696,41.09421103333333,0,0,0.7576916085716948,0.14905870079178046,0.09324969063652466
-0.5024857084421218,0.5045626853190974,0.0457425322997266,1489.3424322833334,0,0,0.9474736228264041,0.04835788030720559,0.004168496866390346
16.050524076390857,16.914465855827885,5.397557149386785,68.0638047,2,2,0.05432586137632986,0.04414413755516642,0.9015300010685038
3.5225734145392438,3.5608735667187297,0.52101233718912,18.382505366666667,0,0,0.9191689181163131,0.07616743750366081,0.00466364438002612
11.90014247025404,13.862411765620063,7.15174210291022,63.352022733333335,2,2,0.3051530994426554,0.12808693276686148,0.5667599677904832
17.83402354926084,17.89973386675963,1.5544054465780164,78.85908261666667,2,2,0.031278449331181124,0.03434658211392005,0.9343749685548989
10.01386156238243,15.329550136964894,11.65286072204634,46.8036379,2,2,0.37793553500468835,0.15120610692446537,0.47085835807084625
9.158130523341686,12.484377227929222,8.51198087940952,46.639210000000006,1,0,0.5719447375275173,0.16578998168388967,0.26226528078859307
11.489882141864076,13.3465352146719,6.827399005705871,61.411171716666665,2,2,0.36000924210081964,0.13939684672128347,0.5005939111778969
4.173292386733535,4.584045955793693,1.897478380569112,21.911481016666663,0,0,0.9058633856472736,0.08600698971577724,0.008129624636949148
7.659787864158401,7.670612687010218,0.4082327234227705,,0,0,0.8089408458032357,0.1420762693662302,0.048982884830534194
8.684906194604341,8.758595368631404,1.1369851737123329,42.84611821666667,0,0,0.7516992291712441,0.15803834414503384,0.09026242668372199
15.542804710819082,18.15607015807977,9.484112069814785,87.6783051,2,2,0.04089908536367197,0.03438697983650751,0.9247139347998206
9.6524747764579,13.379038937224305,9.298128457352275,56.679647333333335,0,0,0.4930841397461136,0.16139076308004974,0.3455250971738367
7.938176398600826,14.108660508732454,11.690603081336974,39.5565537,0,0,0.592818764952356,0.17879325357955186,0.22838798146809222
14.795229332470967,21.88299206116671,16.277820156446012,95.34802478333332,2,2,0.022095646675875033,0.023753516701285268,0.9541508366228397
4.710989088745196,7.133973450189674,5.360659340521011,22.20108241666667,0,0,0.8738865931681681,0.10778553395262264,0.018327872879209388
6.372917551078263,6.450836264643362,1.0009676400421768,46.74371551666666,0,0,0.8554339890559725,0.1186627599452846,0.025903250998742914
10.784390550570954,11.284411453005337,3.3374504217295566,51.782511500000005,2,0,0.5358450800943316,0.1665597370319886,0.29759518287367975
12.472142096838676,18.738271637356387,14.075922757581113,64.13770343333333,2,2,0.10694328526115819,0.07133116361870218,0.8217255511201397
10.761274652033888,14.391767519382864,9.60069492308878,52.949914283333335,2,2,0.3605768756997207,0.1419725448736082,0.49745057942667104
7.741886146535617,7.77293953396316,0.6956201092320384,47.64745998333333,0,0,0.8041919266231169,0.1429753950955232,0.05283267828136008
18.232307721306636,20.01210272794798,8.37516937403285,96.78536976666666,2,2,0.01041125538803721,0.013250871129000351,0.9763378734829625
15.37615697621905,16.09765216768393,4.8147624129159965,66.24024191666666,0,2,0.08323321981891624,0.05949418616778055,0.8572725940133032
9.958794634580858,10.899835238179104,4.447767560598322,50.95781333333333,0,0,0.5976872848045075,0.16482641092138337,0.23748630427410916
7.396261397603407,14.136973545807692,12.071382112972683,43.4917138,0,0,0.6268972265246269,0.18146090909307722,0.1916418643822959
10.383362344815032,18.86349999484693,15.816613115274832,67.48819035,2,2,0.21005523546422744,0.11912137924825483,0.6708233852875178
6.223811804288383,6.397868341918229,1.4840959811784271,26.944328383333332,0,0,0.8593301278180183,0.11610546467630517,0.024564407505676577
8.352284493833539,10.525806219034235,6.422297708424651,44.81709505,0,0,0.6966692026638877,0.15910237503608443,0.1442284223000279
9.286338849520437,9.420002503271707,1.5865159087944676,38.30977201666667,1,0,0.7072783802966924,0.16558772648375164,0.12713389321955593
12.05840026589004,12.420078811354578,2.9934078609006747,69.18677941666667,2,2,0.3931449288594468,0.15271867122104324,0.45413639991951005
9.73077140884288,13.272029620325256,9.05896452494423,55.84687033333333,2,0,0.49239686140965583,0.1607850268546683,0.34681811173567584
6.0801053025484295,6.284281457055172,1.5908009460545711,32.766133866666664,0,0,0.8629864977097629,0.11383351234925033,0.023179989940986825
4.858564176412588,5.892032118717436,3.3355221020869408,24.23630495,0,0,0.8857384975905226,0.09957476581307793,0.014686736596399434
1.855388609389784,1.974954247330946,0.6767707558131519,9.908456233333334,0,0,0.9402786518413881,0.05792478675706563,0.001796561401546151
15.645209437156456,22.96573994034132,16.994515924643622,81.408463,2,2,0.012613135098894931,0.016014467001052312,0.9713723979000528
2.5165254252834286,3.3220430548065223,2.168890268924997,10.42232265,0,0,0.9288811621884492,0.06786077511266711,0.0032580626988836254
7.946269048344005,9.589015672166216,5.379554076141517,39.85942018333333,0,0,0.7451365402171009,0.1516673707925815,0.10319608899031765
4.923821712223979,8.084691263525457,6.416922823690811,29.553893666666667,0,0,0.8581758935338073,0.11733909256682754,0.024485013899365186
12.422721372429356,15.634947246552974,9.554886446612244,69.8005066,2,2,0.19373083751623157,0.0986250155359014,0.7076441469478669
1.4414374876308913,2.8929451335865424,2.508335239416084,6.32194715,0,0,0.9379077797428517,0.06020971267416562,0.0018825075829828908
7.3866979368049135,7.421962864317757,0.7240590936326043,32.9331795,0,0,0.8205231986675537,0.1366063316679632,0.04287046966448293
13.688542038861298,19.1229441884428,13.460659977285786,66.81155176666667,2,2,0.0636693412840686,0.04879421392008806,0.8875364447958434
17.786805226590104,22.854466322157435,14.557435449050844,74.16208051666668,0,2,0.0056196686770647,0.008534199560233676,0.9858461317627017
7.904342296616942,11.353085615383302,8.16812542159505,37.57441405,0,0,0.6923239493209011,0.16290914806130063,0.14476690261779826
3.1734061865330974,11.70688478559032,11.270988792485523,14.665587316666668,0,0,0.8395131055102217,0.13947346730521507,0.02101342718456306
7.016363604358418,7.082144614358055,0.9646809380992636,37.88207815,0,0,0.833921593006997,0.1297888605995322,0.036289546393470824
15.541538946158257,16.76732477723741,6.360044114890741,81.33589641666667,2,2,0.06223528409878621,0.047278032460068,0.8904866834411458
0.8126287869637236,5.169345567520376,5.105257436931311,3.227499416666667,0,0,0.9277388738815294,0.07015804819064782,0.0021030779278226716
19.24015342727713,19.4893373569803,3.159458663218402,81.11340383333332,2,2,0.011647654233939988,0.016389901058601445,0.9719624447074586
11.892991870759046,13.922745293163825,7.281127856539683,49.78708148333333,0,2,0.30599215136707947,0.12879845501703494,0.5652093936158856
4.859430162705301,4.94441337535732,0.9134060557983048,23.62523058333333,1,0,0.8950179147370798,0.09439687758711444,0.010585207675805796
5.801291459878983,5.886336453107508,0.9980600935722634,25.7587519,0,0,0.872707786207742,0.10903734669503157,0.01825486709722621
5.204056555789707,5.3043647550060165,1.027528108443903,21.854955383333333,0,0,0.8874010735013018,0.09958482294510977,0.013014103553588353
11.603229438762646,12.578679509569325,4.883650653815778,49.94990011666666,0,2,0.4040068427689063,0.1495366022394331,0.44645655499166054
13.405314699680853,13.58642281256902,2.2278853270274226,55.573882600000005,2,2,0.26531288727873276,0.13048121183410114,0.6042059008871661
20.279694912530665,22.118667074581683,8.999116679540293,101.72736205,2,2,0.002902252698453211,0.005333616673970044,0.9917641306275767
9.91762551320317,14.153578245573144,10.136922346025244,41.5486837,2,0,0.44047251717047886,0.1575789780481999,0.4019485047813212
3.1857500363243023,11.75800394350371,11.320658169062682,17.5793422,1,0,0.8384590034869588,0.14012930805646492,0.021411688456576313
7.591987063242306,9.34043484361377,5.452401517091175,39.598404433333336,0,0,0.7651579174030572,0.1475942554240529,0.08724782717289006
4.344271349428231,6.153621458234376,4.360489587445272,21.71672875,0,0,0.8895973736531236,0.09755749987385609,0.01284512647302012
1.179071363454597,8.49860582386232,8.416642869129475,5.904670049999999,0,0,0.8999379290753834,0.09550782609541625,0.004554244829200486
7.797327349093619,12.369396414246088,9.623563709873793,57.07435831666667,1,0,0.6608699443792453,0.16881860512299793,0.1703114504977568
1.8575456595900164,1.960698012578368,0.6276116752032124,8.1105699,0,0,0.9403330719294518,0.05788472884792606,0.001782199222622076
3.627836799763191,4.229885749822877,2.175707431930306,20.18089731666667,0,0,0.9139078485646194,0.07989829934761206,0.0061938520877686
7.25091143713145,10.6926502267794,7.873217221669194,33.89223371666667,0,0,0.7426814382180034,0.15585502625595282,0.10146353552604384
11.350437340916924,11.735260296302648,2.9962783470808176,50.3731525,2,0,0.4803521437233677,0.16427065053154596,0.3553772057450864
16.1969913756473,16.25124334231944,1.342235211535808,85.36591853333333,2,2,0.07698857942233255,0.06302312183311491,0.8599882987445525
10.069620018565258,10.315726914779248,2.248841557710193,49.504255316666665,1,0,0.6305924168829493,0.1705175762165824,0.19889000690046824
8.29751928368279,14.69849727415916,12.163647693300163,42.6756799,0,0,0.5432397292286623,0.17800081057048842,0.27875946020084924
-0.633263190842665,4.640930229490282,4.598472331904787,1506.2871732333333,0,0,0.9228612426414726,0.06843497857649411,0.00870377878203326
6.40815634702517,6.505496165794132,1.122714694718297,34.792798850000004,0,0,0.8544877687410242,0.11917506287702616,0.02633716838194972
11.000645586332004,23.04891538914891,20.354442707012765,69.18397725,2,2,0.08504221147503614,0.0741739986526605,0.8407837898723033
8.141486560423587,11.411053588385096,8.015137007166118,44.131966600000005,0,0,0.6768567666604024,0.1635104867138329,0.1596327466257647
15.468408948081604,24.312923415454588,18.956119715116643,79.83245871666666,2,2,0.010155285267918543,0.01429915419704978,0.9755455605350316
13.848393388542776,15.67552828387796,7.405116743313783,95.5814493,2,2,0.12688140066607217,0.07456772462060166,0.7985508747133262
3.2062062834352805,7.695678828626902,6.997524512449502,23.23102491666667,0,0,0.8874183821105575,0.10192868085536884,0.010652937034073533
15.375231668162046,17.50813418172142,8.461760456514128,95.72953393333334,2,2,0.050872959273468986,0.040060176752292766,0.9090668639742382
14.599244490540304,14.63395275593931,1.0166033022695729,69.96336751666666,2,2,0.17556486418190437,0.10780860277152084,0.7166265330465748
20.456710455982137,20.456722476809013,0.022609073425599,93.41277728333333,0,2,0.008068990178203552,0.014540968348765577,0.9773900414730308
2.534800185521232,2.5370099315836385,0.1058767421811808,13.788392966666668,0,0,0.9327101785215381,0.06479548937904726,0.0024943320994145995
1.222514708352209,4.750134515451756,4.590245289007186,7.24573535,0,0,0.9280204145997151,0.06958017123722533,0.002399414163059644
14.24267989984344,17.86530029081975,10.879541928905809,79.07045705,0,2,0.06798969536261623,0.04929203133542806,0.8827182733019556
19.130000911294037,19.602096392350376,4.348023669035285,,2,2,0.011286636331118262,0.015592141167925342,0.9731212225009563
3.7545133584125967,5.286276550937987,3.7226218951695382,22.0140017,0,0,0.9042314672139149,0.08735626501857692,0.008412267767508154
9.981987699691906,15.054953843695092,11.314337766729238,45.74414911666667,0,2,0.39299721122916337,0.15303973159561138,0.45396305717522534
11.771326161576445,15.182489665288587,9.643622195682669,63.02369803333333,2,2,0.25122445752177386,0.1159461245115922,0.6328294179666338
13.01495365443884,16.028600291292836,9.422668661400763,69.08963426666666,0,2,0.15178456049966324,0.08433496240502597,0.7638804770953108
16.837313331177366,22.04272560254276,14.407383518966697,78.76099308333333,0,2,0.009772846355491511,0.012725460097269319,0.9775016935472391
17.278610150950858,17.91484902179712,4.79551727477201,71.40173023333334,2,2,0.02962986472351633,0.029638709080799172,0.9407314261956844
11.372151986010454,16.040907554532044,11.372988062829222,67.10676871666666,2,2,0.24182869267178933,0.11593927073032137,0.6422320365978893
6.5068719717300905,9.246964541028492,6.579586759850997,36.679949533333335,0,0,0.8024449764767001,0.13920603493467856,0.058348988588621205
16.118888618326505,19.18998966433388,10.533476860906148,68.17348793333333,2,2,0.026440414544965096,0.02545834753451298,0.9481012379205218
15.128329811614629,15.548199871196736,3.624811235777344,82.99659908333334,2,2,0.10530260314408114,0.0711265757657618,0.8235708210901571
8.92681492111977,20.870437496495835,18.92267127617953,40.800759,0,2,0.2528815283946807,0.15304035136826538,0.594078120237054
12.388033025144903,13.742399511430955,5.987116664795451,51.2105409,0,2,0.2870522552746523,0.1253764078090049,0.5875713369163428
6.4738132470569685,9.316326128785128,6.7090244176682745,41.57373351666667,1,0,0.8015915756445379,0.1395587983236132,0.058849626031848894
16.029051321487337,17.946435619448295,8.16309857616261,79.5137307,2,2,0.037986343573034,0.03300024520603462,0.9290134112209315
1.7252033874375672,8.913422960119874,8.745203412842784,7.842971533333332,0,0,0.8912248234942277,0.10235447944298753,0.006420697062784702
2.223159531651557,3.5114284614400755,2.718233430987709,10.616496883333332,0,0,0.9296691696270198,0.06731302454292713,0.0030178058300530295
14.082430310723652,14.647521817178196,4.063669911789361,78.04700876666668,2,2,0.16673006565031084,0.09394078429383211,0.739329150055857
9.07093924490207,10.128143572946808,4.5194690128968205,49.808752766666665,0,0,0.6775582321172352,0.1609343569221412,0.16150741096062357
8.839056400746832,10.962001448613144,6.502827219801191,45.605018316666666,0,0,0.6554463677288106,0.16236489954927805,0.1821887327219114
2.609361110359941,2.838681114464316,1.117875518555536,11.135291116666668,0,0,0.9309893269320032,0.06606286116682986,0.0029478119011669135
12.86248261564788,19.044263311554435,14.142525479167148,64.40314316666667,0,2,0.08767303870657212,0.06211031498493122,0.8502166463084968
16.107897244128583,17.37705315874057,6.594032378402972,80.77055366666667,2,2,0.044595278617560824,0.03756802843147035,0.9178366929509688
15.670096187199752,15.806967695827296,2.098101314056464,72.34386205000001,2,2,0.09512883618767405,0.07043785894128124,0.8344333048710447
13.810159515656638,16.15835650473588,8.457438300085244,69.85575673333332,2,2,0.1174650085000329,0.07118432230702613,0.8113506691929411
11.422511414912869,11.457335469548156,0.8973849605615101,56.2126896,2,0,0.5135512038261774,0.17748405322284738,0.3089647429509753
6.083586609525294,6.311763845181876,1.6838110290785266,32.431667366666666,0,0,0.8625474884166533,0.11396670151186952,0.0234858100714771
4.71613632182629,5.910461643106843,3.564800409435179,25.050487466666667,0,0,0.8873609366265126,0.09858681770702979,0.014052245666457573
12.870548270468657,12.91350516368886,1.0597748787149612,57.82036205,2,2,0.3452431830597965,0.15484943809991045,0.499907378840293
3.4442108365797437,3.5776082549722776,0.9680911254317266,17.317285416666667,0,0,0.9199242511154455,0.07536842261814986,0.004707326266404694
4.558218548479863,5.19913941829745,2.502196591002871,20.3780802,0,0,0.8963950167978861,0.09264388582332868,0.01096109737878528
5.9408758405146935,5.963738094218326,0.522293777294351,25.726531716666667,0,0,0.8697539201100579,0.11158712540138555,0.018658954488556555
22.398917388914413,22.96131032875317,5.171129960294536,102.68504513333332,2,2,0.0013911103607261526,0.003477803956338651,0.9951310856829352
3.352286952578905,6.70368566675211,5.806763401577086,19.04162246666667,0,0,0.8956250411919932,0.09497590979780496,0.009399049010201811
9.968644488160026,14.01035486940531,9.88324267640388,44.99960896666666,2,0,0.44221056157527744,0.15699102488239156,0.40079841354233114
11.940264367415708,17.218835206596044,12.479801293698388,69.89746991666667,0,2,0.1675082994310518,0.09348908192728606,0.7390026186416622
9.259358735237706,16.28774925897767,13.444272108042073,44.4606855,2,2,0.39902670931852163,0.16328349525036465,0.43768979543111375
4.55278407428608,16.028446777019614,15.37721949840818,27.556516833333333,1,0,0.7200972566965247,0.1987261812750417,0.08117656202843353
19.40947163019677,19.412429417175368,0.3447419361037873,98.41156295,2,2,0.014175574438174195,0.021030297498768735,0.9647941280630572
8.189765525013586,8.199559192642933,0.4016345196168345,49.68082745,0,0,0.7834609888442181,0.1514945159286909,0.06504449522709106
10.107310413047482,15.847374367435489,12.25529686749232,54.6273913,0,2,0.3458466372941561,0.14610798054917984,0.5080453821566641
12.559813591269371,18.31210706838698,13.414465495570424,63.17839365,2,2,0.1125825774396776,0.07287867790869061,0.8145387446516318
13.40911588047549,13.562317391113176,2.048302208049847,59.95898128333333,2,2,0.26737486124321896,0.13163214572002235,0.6009929930367587
12.54540203269764,13.999378973255478,6.25351627271192,69.54718301666666,2,2,0.2597728932017987,0.1176953368950062,0.622531769903195
4.51580505222096,17.481418288205806,16.897736190576722,30.242205,1,0,0.6843539402258663,0.2157081983071433,0.09993786146699038
10.953482263771283,15.235021548436016,10.640537248040005,57.76081881666666,2,2,0.30649398918643367,0.1320099929407057,0.5614960178728606
4.494541115123555,10.928301961133164,9.966873016411084,22.87733761666667,0,0,0.8248997425016633,0.1411356780017434,0.03396457949659315
3.9298189118586366,4.671126351705904,2.5260517770519755,21.01036793333333,0,0,0.9076472084531388,0.08461836923521344,0.0077344223116477175
17.994026072943303,18.00787676405618,0.7165213265519128,92.38542478333332,2,2,0.030703360540751175,0.03504602126212378,0.9342506181971251
8.971845140541323,11.191873362193109,6.711175063928636,49.12201731666666,2,0,0.63807344182093,0.16313412116862136,0.19879243701044863
13.520257680211351,16.680656377537808,9.845976065414275,110.3476607,2,2,0.10788284505682144,0.06652861411047165,0.825588540832707
20.54626462061009,21.477999977153083,6.380668403378422,84.42580433333333,2,2,0.003625918636801422,0.00660240705856055,0.9897716743046381
4.847864767992853,8.556320353459048,7.0552803602572,20.364606316666663,0,0,0.8534703210731673,0.12088808429071975,0.025641594636112992
16.95394868005717,20.212148657463608,11.146317615050918,89.96963223333334,2,2,0.014694333483505085,0.016662392608961383,0.9686432739075335
7.439465484424466,7.618670481678059,1.6459618104184417,41.2916867,0,0,0.813433331466224,0.13686147274008922,0.049705195793686895
11.483882797823306,12.361433287613671,4.599166561613913,53.44344558333333,2,0,0.4244416727789241,0.15286477135460697,0.42269355586646906
10.272440924006604,11.425738644869988,5.023446641446867,49.87704853333333,0,0,0.5515892973100776,0.1632204740270929,0.2851902286628296
18.84580676239954,21.26137469214238,10.003220636732976,93.94306245,2,2,0.005850711381427052,0.008683589026480877,0.9854656995920921
0.9638320897491646,6.298330071746412,6.224336256242509,4.8753441,0,0,0.9190970210888483,0.07812682946929098,0.002776149441860818
20.810343805811414,21.068606704083518,3.3553179415098384,89.17598081666667,2,2,0.00451035600481451,0.008421991429475955,0.9870676525657096
6.936129784135029,7.387689691274714,2.5474968327844465,37.21838961666666,0,0,0.8287456439879577,0.12913960981373887,0.04211474619830344
15.621759573286402,20.7355127433108,13.78235337964378,64.33975438333333,2,2,0.021640009892903288,0.022589685085710645,0.9557703050213862
8.447467770212935,18.81055518604272,16.85220329244953,52.23617895,2,2,0.3625413621188604,0.1750399439644913,0.4624186939166484
17.30893278683641,17.316017193745306,0.5019500203896996,85.35897,2,2,0.04630158680555503,0.04678729974729947,0.9069111134471456
9.990482044779167,10.575577650526164,3.482539716887345,51.18269333333333,0,0,0.6151367421034033,0.16673422017371267,0.21812903772288408
3.3994860524885344,7.598727615436032,6.797668750540083,14.431623883333334,0,0,0.8863606812465618,0.10236455167675473,0.011274767076683383
10.823399458538653,12.303120974000446,5.877519675049825,60.31154368333333,2,0,0.4643038144741609,0.15528212374417516,0.3804140617816639
11.942311577459066,12.028770671785605,1.4481217540807734,,0,0,0.4463392913437853,0.1687489924701469,0.38491171618606773
10.859991853813764,10.889388463770096,0.8034066312289951,51.00950961666667,0,0,0.5761981840869418,0.17993434298416866,0.24386747292888958
16.5094581612156,18.90695649445802,9.326765272586783,81.58976266666667,2,2,0.024757610696661967,0.02426611049656644,0.9509762788067716
22.191975510032613,22.24232161283068,1.530592402188205,98.25607485,2,2,0.002451905372163264,0.005933109943116981,0.9916149846847198
5.2711662096008665,7.808253296084117,5.765416872044739,26.9899002,0,0,0.8558681868214315,0.11756558793237777,0.026566225246190626
15.605274649171012,15.702668478755376,1.7649126863651077,69.17495838333333,2,2,0.1019833554941772,0.07470789814498704,0.8233087463608357
14.291119912494658,21.02432842164418,15.556929161412768,65.18657896666667,2,2,0.03390380182287859,0.032292530890762595,0.9338036672863588
3.947970347201633,10.158265983222089,9.36341045537364,17.60543253333333,0,0,0.8475609963680517,0.12938777068546345,0.023051232946484826
20.0031346793387,21.962945070813536,9.237424596248845,101.69647741666668,2,2,0.0032975329819409102,0.005817911458389429,0.9908845555596696
-0.0050967308322956,10.52455516080154,10.525677101613212,1467.7854589333333,0,0,0.8542906132331247,0.1145626569776298,0.031146729789245393
10.54095499605337,16.9898313208995,13.38401244352903,64.43722058333334,2,2,0.2642033965523304,0.12824004459234306,0.6075565588553266
7.958609759168409,9.105582755154458,4.434325283853184,40.266885083333335,0,0,0.7590220052487059,0.14893947785366998,0.092038516897624
7.215298581217032,7.267346392402223,0.8698087720505896,31.508685333333336,1,0,0.8269891998878452,0.13337235233560846,0.03963844777654635
4.788922079641722,4.811844040251631,0.4694256448926808,22.513655216666667,0,0,0.8969229056674843,0.09345178292816184,0.009625311404353834
16.841919998773896,16.91458968699778,1.5861017730726132,86.75162865,2,2,0.053223690868096495,0.04887285671078941,0.897903452421114
9.24589201917138,14.1878614667337,10.796994855081351,68.44229215,2,0,0.4848120669863467,0.16460525639084336,0.35058267662280995
14.436763684474965,16.098234667901192,7.187011356501955,74.07913296666668,1,2,0.10032790235028145,0.06451959602623764,0.835152501623481
5.191060855969985,5.428953973219972,1.5907722123595818,27.197454866666664,0,0,0.8861958544171117,0.09982556258250211,0.013978583000386107
12.919307962869134,13.15679509358008,2.5060449418443795,65.04882435,2,2,0.30811058962626536,0.13908042145470334,0.5528089889190314
12.281397625311666,12.771880631835606,3.5274932366395437,59.57337743333333,2,2,0.35744551564926075,0.14520548216203366,0.4973490021887056
8.459453393897327,9.162188342961636,3.528433037603264,37.83192905,0,0,0.7407462951176678,0.1538338916329335,0.10541981324939868
7.743331714593787,8.248111688752752,2.8473419498321846,40.52771633333334,0,0,0.7898632952393125,0.14262170410151115,0.06751500065917634
7.963658405568337,9.53776109069098,5.260934585004634,37.53607280000001,0,0,0.7463049946285824,0.15150381719859538,0.10219118817282233
20.05491559058696,20.79779862285522,5.611801039041495,114.34926845,2,2,0.005100875347508235,0.00845271828972077,0.986446406362771
4.270622582323915,4.797096165510137,2.1860001870993244,23.302150716666667,0,0,0.9030700290275129,0.08797194742327437,0.008958023549212652
4.476548137231945,5.6990156454976,3.528899061588845,25.493603333333333,0,0,0.8924528930377352,0.09529878602976118,0.012248320932503488
8.818916779090872,9.019167888378028,1.8955816599805644,38.4876211,0,0,0.7367349296742468,0.1588143652422252,0.10445070508352784
12.69726728886162,22.584732430152545,18.80488257125677,73.86463121666667,2,2,0.046441208148539005,0.044522774167843227,0.9090360176836179
10.775837011616296,11.000698189525783,2.223202950240136,48.91776083333333,1,0,0.5607534037081485,0.17199444594763888,0.2672521503442127
1.524666191006976,5.507260484841846,5.2921646795271045,6.627801783333334,0,0,0.9210201645522195,0.0758012100481977,0.003178625399582646
12.993066214481324,14.240289903453672,5.869631018008619,56.60064346666666,2,2,0.22859319183491184,0.11036886166349147,0.6610379465015966
-1.6330513983416295,5.98343967780011,5.758858959257367,1480.1925554333332,0,0,0.9214587621536555,0.07231134926737995,0.006229888578964532
6.342263219599594,6.610816495131831,1.8676109014187148,27.88530036666667,1,0,0.8540724806581843,0.11837445917298649,0.027553060168829198
-2.728806778553032,9.287162697416145,8.884609648464732,1441.4357436833334,0,0,0.9045404379361168,0.08959385654460138,0.005865705519281855
5.246663986272433,7.55058906118879,5.4344672651150745,25.527924383333332,0,0,0.8598952782009648,0.11522623624845357,0.024878485550581635
11.808360614811884,22.70398230184938,19.503986097812685,71.6426219,2,2,0.06535521045005056,0.05892739553969587,0.8757173940102535
7.300200715481312,15.009199136920442,13.139133477739904,36.38170663333334,0,0,0.6039223106496605,0.18770863053261647,0.20836905881772305
12.245831853015147,19.24862032809214,14.944032172324285,87.4431497,2,2,0.10234143661653218,0.07019742023098385,0.827461143152484
9.289617605001178,10.150774589704737,4.105240223290593,42.97108738333333,0,0,0.6683526720843191,0.1626590968619724,0.16898823105370842
11.348477015283546,13.55392928723006,7.449905874421262,69.42785818333333,0,2,0.35575434097618236,0.13818560573675856,0.5060600532870592
8.771093660437863,11.166033655297658,6.930179968721461,49.11500706666666,1,0,0.6504135393222362,0.16288100993832852,0.18670545073943537
8.7980808496446,11.01563718432433,6.648063995614734,47.00696983333333,0,0,0.6552706487733205,0.16243794964941,0.18229140157726959
8.98697526958003,9.932152862881887,4.241757280297122,43.93236686666667,0,0,0.6904931087190452,0.16020958281444042,0.14929730846651437
0.8743368562445729,3.188229018133377,3.066100335408578,4.525216066666667,0,0,0.9391881050030447,0.05929010188656988,0.0015217931103855308
8.057515510203146,9.60111879271748,5.233404960648784,42.16735621666667,0,0,0.740206217871341,0.15246049089894262,0.10733329122971633
8.897921386065118,8.919336493289864,0.6195668390932383,46.64106605,0,0,0.7417754927747124,0.16263457527802955,0.0955899319472581
-1.3527149576430673,2.731248334616243,2.373615984344241,1487.1013419166666,0,0,0.9403500102414198,0.055617059151621934,0.004032930606958314
11.548793161640235,13.198560970274436,6.424630277511994,60.55807181666667,2,2,0.36499399428284973,0.14055400348907907,0.49445200222807123
5.80951900134568,10.970804130243309,9.316452500436071,50.57353226666667,0,0,0.7871200453305742,0.15042658943291234,0.06245336523651344
5.411067213480697,10.154364004775452,8.600330227969039,22.019235766666668,0,0,0.8162055091590912,0.1398943734916511,0.043900117349257695
22.334099693335823,22.892848353494127,5.146003501215546,115.57914615,2,2,0.0014218682490004673,0.003517256334450055,0.9950608754165495
15.596107219188871,16.159407401398962,4.274694906967625,76.74828975,2,2,0.07790072664892635,0.05751846280508555,0.8645808105459881
11.91652249426034,11.927230447082954,0.5082577289591654,62.134095216666665,0,0,0.46356690510424525,0.1759996153070738,0.3604334795886809
7.270222723274287,10.08246952212304,6.998807793596939,36.56410698333333,0,0,0.7577562993313017,0.15108257879688466,0.09116112187181354
13.37149151918038,16.810864792283283,10.266265964106708,72.18017478333333,2,2,0.11514480679339606,0.07054503606323333,0.8143101571433705
3.787352430277666,3.8297971134532336,0.5688024240577647,19.24637231666667,0,0,0.9150050863335704,0.07952688216207612,0.005468031504353622
6.072282228175864,6.25443907740102,1.5002785737907516,33.76901986666667,0,0,0.8634985317521303,0.11364747055985498,0.02285399768801458
2.6255557293026417,4.886025805996853,4.121148866202077,11.72879415,0,0,0.9175295610884409,0.07772396464219064,0.004746474269368525
7.526451043346615,8.322291145824401,3.558718417662476,42.75247875,0,0,0.7933093173509871,0.14055574677933744,0.06613493586967538
2.983515884003477,7.48644843279672,6.8674916654019285,16.590961883333332,0,0,0.8921083810827618,0.09872304764585679,0.009168571271381565
7.56472589375913,16.443402728896903,14.630210949677943,39.99429965,2,0,0.5310325148030786,0.19226302213548652,0.27670446306143487
4.121787883806693,13.116531332383762,12.457641075820163,19.67263833333333,0,0,0.79634854773856,0.162118043456423,0.04153340880501691
5.636154750173117,5.690430070087459,0.7848508848595088,33.026549,0,0,0.8771537299218337,0.10645344936522126,0.01639282071294501
7.451090750532662,10.362679696191815,7.216157709935828,49.24793135,1,0,0.7415083760297397,0.1540620135655816,0.10442961040467866
12.542384916991496,14.522500434495416,7.368916014657145,54.60564655,0,2,0.23695888755318095,0.11146064216574976,0.6515804702810692
15.643863318059308,17.11124185291321,7.007614692635059,78.19693285,2,2,0.05455448634811896,0.042877655960935526,0.9025678576909456
7.341772431539516,18.37742594859617,16.87969112309179,38.37070493333333,2,0,0.4742462071641006,0.2015770069190585,0.32417678591684107
11.46131267314956,12.339648356767862,4.596832722414348,52.79343703333333,0,0,0.42731209141135784,0.15328112131926197,0.41940678726938013
8.737658008295181,9.13606434563352,2.676235938257605,44.2527257,0,0,0.7325177186423847,0.15703184346749527,0.11045043789012003
6.611418942062343,9.248609619001238,6.4769446067027445,37.239921816666666,0,0,0.7993094135023479,0.1399615681402556,0.06072901835739666
10.39842452594802,14.399232607722018,10.003510437352588,68.66965138333333,1,2,0.38369911602472717,0.14658877578231702,0.4697121081929557
11.799327141990071,15.271926567477554,9.75155069502955,55.493285750000005,2,2,0.24752947390606062,0.11531838794761466,0.6371521381463248
15.270278177754872,15.288762974370815,0.7592607912105223,63.7090793,0,2,0.13272727741068813,0.09222976340440453,0.7750429591849074
-1.004279328956427,5.0196792362608775,4.919591121940243,1494.1847742833334,0,0,0.9233691526447515,0.06912021799920089,0.007510629356047645
14.223901909956435,16.518319992673714,8.47192586245589,79.30032705,2,2,0.094515332729353,0.06140456619807051,0.8440801010725765
11.666241018864069,18.09170152231756,13.905531188102913,58.32363711666667,2,2,0.1592352421760242,0.09363948975940016,0.7471252680645757
15.72113942536345,17.4853743385742,7.737511482933996,65.51433766666666,2,2,0.04845762563865515,0.03937843068196009,0.9121639436793847
8.506671480080282,14.919734440436846,12.290420056521356,74.7512729,2,0,0.5102542497707621,0.1739977661406063,0.31574798408863164
9.872143374058494,14.367091462990391,10.478185727582996,68.86381138333333,1,0,0.4266976905832172,0.15527941035172516,0.4180228990650578
11.014059316217583,20.35089038110085,17.19745551057659,55.78543555,2,2,0.13633572394059673,0.09300498811786127,0.7706592879415419
9.036062755165752,17.26960824648134,14.763139556717135,43.997255,0,2,0.37702136240849643,0.16558320439109386,0.4573954332004098
9.072699624719728,11.10524302623483,6.424320607570962,37.99584648333334,2,0,0.638248067703784,0.16340572991865848,0.19834620237755757
10.349810314445357,19.285984162155007,16.343435530125305,50.44957993333333,1,2,0.20282986025411026,0.11900617205846405,0.6781639676874257
3.224798238529305,6.942725954122559,6.149724292954346,15.400561766666668,0,0,0.8947876904996819,0.09597448731652754,0.009237822183790476
1.6842483152350023,9.117987052694668,8.961405171849151,7.541344233333334,0,0,0.8896481014805466,0.1038321757968935,0.00651972272255976
8.798651281932358,16.30643450602352,13.769406976508208,41.96165376666667,2,0,0.43712895907501603,0.17253942762676805,0.39033161329821586
13.35620845511914,15.469475105997663,7.864155967109383,69.75466351666667,2,2,0.15605051520578794,0.08572077167443111,0.7582287131197809
11.932189226846008,14.418320748151586,8.141618407785444,64.5624419,2,2,0.27484646296887116,0.1209360270849458,0.604217509946183
8.750116085488102,10.626827920314224,6.047836695887895,44.09903443333334,0,0,0.6735228451706304,0.16097401518899068,0.1655031396403789
9.300979312898871,9.332092041384149,0.7639409815469094,38.42234663333333,0,0,0.7144556235945467,0.16815908437463697,0.11738529203081625
6.253300732422506,7.076099078226182,3.316017693564163,31.343166633333333,0,0,0.8480694630037621,0.12003383372058857,0.03189670327564919
9.38661811460441,18.118756304733395,15.55088876772487,68.72664221666668,2,2,0.3083851003508041,0.1508219985323043,0.5407929011168917
9.035260812396768,13.571782759660534,10.15876203394822,48.64696533333333,0,0,0.5331120361926853,0.16809256052195054,0.2987954032853642
9.71353306853354,10.164253918186107,3.0042669530240858,45.3656598,1,0,0.6509986326331727,0.166603201796245,0.1823981655705823
6.281911887145903,7.484398370205949,4.0739916205148745,30.19615801666667,1,0,0.8409220769097715,0.12317340138417517,0.03590452170605336
2.778994636397487,4.752001669266787,3.855259321323104,11.866182083333332,0,0,0.917315961341303,0.07774147236685082,0.004942566291846086
3.138285662271601,5.385681694841701,4.377749017587973,16.156702833333334,0,0,0.9093344125526164,0.08407136864176058,0.006594218805622892
6.743633805819342,8.982805221882327,5.94344233495292,34.386252633333335,0,0,0.801255502688653,0.13871852481241484,0.06002597249893218
8.839205141158335,10.459717203766132,5.6089439086749735,44.200760433333336,0,0,0.6756374683251412,0.16070824332559933,0.1636542883492596
9.202951900436304,9.78049880342245,3.3219651112219424,42.60704855,1,0,0.6892377752202223,0.16215977241864588,0.1486024523611317
8.955683186002622,9.31586508862759,2.573215278359612,42.25583901666666,1,0,0.7188832124389503,0.1598936650273019,0.12122312253374777
15.23670110313413,22.706574430533223,17.00752396047912,74.50673476666665,2,2,0.015929265450313795,0.019079740897454133,0.9649909936522321
11.048487193847256,17.827745930176327,14.060949516024465,67.80671095,2,2,0.20030997046206708,0.10933616885128218,0.6903538606866507
15.087263264543171,15.159307916685746,1.4908605055159685,66.74535161666667,2,2,0.13514877499689087,0.0902813775987264,0.7745698474043828
-4.366471801821176,6.498340564037998,4.820586781580062,1441.8317544666668,1,0,0.9338087634870068,0.06484453558340025,0.0013467009295929989
20.41929708267383,20.47922922191709,1.5960013996408406,115.52758625,2,2,0.006699507400861392,0.011774715016466685,0.9815257775826719
4.155252862725048,4.945393371842525,2.6827862253404646,17.280641416666665,0,0,0.9031475669259666,0.08792199570108938,0.008930437372944034
19.931702559918783,23.02303773886368,11.735972196489117,108.9078925,2,2,0.0023811177520633386,0.004508461666855503,0.9931104205810811
5.103844753419662,5.247642078075969,1.2210015845338376,26.9648309,0,0,0.8891306922202286,0.09817698984507299,0.012692317934698596
11.515823144657409,16.475484395179496,11.846748824704092,68.42667641666667,2,2,0.21631504487036457,0.10906228762698383,0.6746226675026517
7.98281115405721,8.058053671015102,1.1011855740108558,39.64097821666667,1,0,0.7912821894552715,0.14655938369878513,0.06215842684594348
3.352870683084493,4.653889721205206,3.228340256795093,14.863099016666666,0,0,0.9132448605294794,0.08058662111650616,0.006168518354014386
4.418461462135694,6.148674378225374,4.278204759817072,22.15285953333333,0,0,0.8887220671971471,0.09805838487679047,0.013219547926062523
4.028464226689864,11.952075452908458,11.257436512513266,18.53412438333333,0,0,0.8188025545363449,0.14852432264392978,0.032673122819725293
24.43252789624129,24.690492932410454,3.662627655868903,102.12368323333334,2,2,0.0005061315128687051,0.0018143936445190977,0.9976794748426122
1.254092555952758,4.242027569699824,4.052520007695648,6.829341983333333,0,0,0.9310454670044848,0.06673393366346125,0.0022205993320540333
10.792799677512974,11.753509172281282,4.675942193209494,60.19131211666667,2,0,0.500365284696094,0.16035588741631981,0.33927882788758623
6.8076908471424105,11.971233040748396,9.862905556428814,35.2641742,0,0,0.7270619977506007,0.16477359541992032,0.10816440682947896
11.283272430573527,15.621210954276666,10.859468073195243,64.29325523333334,2,2,0.26507819005967154,0.1215788557575313,0.6133429541827972
12.551115888110488,15.69551400884454,9.486668589392709,70.1072202,2,2,0.1847788206283629,0.0956739579331862,0.719547221438451
-2.3993210158487237,5.449758024801911,4.896613725470445,1474.8550327166668,0,0,0.9302075639287939,0.06612951228868992,0.003662923782516247
11.783664083429665,13.34638557298629,6.302597512156922,49.02280025,2,2,0.345041874838812,0.13746211430641236,0.5174960108547756
-3.41094657965628,10.623884359185054,10.072837437335124,1418.2981267333334,0,0,0.898783673983069,0.09625317186734515,0.004963154149585703
3.5384457004325363,4.718508888045763,3.1224078365971764,14.97716935,0,0,0.9110835241689045,0.08218626212202326,0.006730213709072177
13.64264717254976,13.6789632138961,1.0040194510285687,56.5222286,2,2,0.2643170102762729,0.1363691605929325,0.5993138291307946
9.178093709666411,10.97787215903468,6.042505575769496,38.01051338333333,0,0,0.6378668058264563,0.16327325992533173,0.19885993424821208
3.185882821822124,4.842724492693484,3.64799965778559,15.254858416666668,0,0,0.9132346482852239,0.08075473812226883,0.006010613592507132
1.2400147145720202,4.960468266329347,4.803106227611494,5.029072350000001,0,0,0.9265678760638163,0.07092719810268734,0.002504925833496432
11.856374289819758,11.966315767227949,1.627762497520166,59.45914126666666,1,0,0.4495002643216481,0.16741095728035515,0.3830887783979969
11.928018206433777,23.021890062480303,19.80764297931341,71.14137146666667,2,2,0.05876596580093193,0.055063538721330435,0.8861704954777376
9.259789732687013,10.419309574824272,4.7926542049006,49.68935076666666,0,0,0.6560815631291876,0.1623395555342883,0.181578881336524
14.401701244253596,23.83863817706218,19.16824289035173,83.1680991,2,2,0.017511080271060492,0.02163136355450799,0.9608575561744316
13.318640174972856,14.02782209388971,4.437020246257049,61.78193123333333,2,2,0.227584050348558,0.11257197987011762,0.6598439697813244
8.490294192822848,20.36034538154235,18.55598901831613,62.767543,2,2,0.29848214918855537,0.16690222558932677,0.5346156252221179
7.359649902979641,10.728201542479068,7.82083798409991,34.97785973333334,0,0,0.7370078325401432,0.15662130255463153,0.1063708649052252
16.509512626405236,17.79339169961412,6.716961741238492,83.51639556666667,0,2,0.03507729506571794,0.0317735595898138,0.9331491453444684
11.06122039819157,12.41310443582229,5.661328714217291,51.28400573333333,2,0,0.4453883195309372,0.15376993544299475,0.400841745026068
2.25613045301069,3.368979102571032,2.5021731298509167,11.176260316666664,0,0,0.9303224611553722,0.06670649469656068,0.0029710441480669553
15.377906036162026,16.214436191546355,5.194175915483697,90.36090486666669,2,2,0.07711710996106748,0.055605642113102094,0.8672772479258305
7.110726626617258,11.358892971489553,8.873643855065666,42.80908531666667,0,0,0.7293408659344214,0.16054752598737748,0.11011160807820118
4.640190797015949,11.608033747336862,10.646769049039449,21.306000533333336,0,0,0.810104102382922,0.14923732887529975,0.040658568741778346
2.240234349236205,4.116545410152123,3.453855112603321,11.128157866666667,0,0,0.9256869233782767,0.07087349291356444,0.0034395837081587404
10.920470944322894,11.767617694060544,4.4052286883394345,44.92839743333333,0,0,0.49683801234628877,0.16144000025279964,0.3417219874009117
12.610294275399037,14.461263452471112,7.126001591344561,71.59290668333333,2,2,0.23232341522633687,0.10967560702865524,0.6580009777450079
10.091250078001792,14.913565861649335,11.02528775180096,50.1627425,2,2,0.3893829077342004,0.1512246069529671,0.4593924853128325
20.996430210206224,21.047605630650768,1.4971223506836964,97.86615815,2,2,0.004965689185658476,0.009681518602186578,0.985352792212155
16.251545758650575,18.282779216081632,8.473735787365001,99.0674106,2,2,0.03134468882083821,0.028608450342349743,0.940046860836812
15.456194757295007,20.853383398480798,14.146371935663126,76.86680835,0,2,0.022020540331270294,0.022902854361040035,0.9550766053076897
12.66883145126514,12.675249902722284,0.4060413997146952,60.73152483333333,2,2,0.3798261956742326,0.16545759559133288,0.4547162087344345
11.129894246802827,12.468813954851347,5.649418806421807,45.72539475,2,0,0.4392984096540775,0.15330218227857884,0.4073994080673436
2.1795534044256937,6.0266859666419705,5.61915761887218,9.47394045,0,0,0.9123682101213529,0.08284677741690293,0.004785012461744088
5.451799267999272,5.689005526426751,1.627132081726188,25.4633572,0,0,0.8799512778203569,0.1038297742378326,0.016218947941810526
2.424417226655446,7.612212533219351,7.216511255436956,11.260792233333332,0,0,0.8966981012470502,0.09612974120004833,0.00717215755290139
6.550339255333034,6.6442560810859055,1.1148136464147456,37.47603008333333,0,0,0.8498085139905667,0.12161471297709531,0.028576773032337886
-1.7706745337311007,19.76104641427192,19.69128962956046,1446.2655483833332,0,0,0.7364242130784286,0.20750647266983394,0.0560693142517373
4.3898843203915465,4.391679943801664,0.1256384781393649,21.33220748333333,0,0,0.9046627282650344,0.08798296773572381,0.007354303999241735
7.4333113841086895,14.787450810609604,12.808708017255585,34.96460046666667,0,0,0.6032109305783061,0.18567045972787097,0.211118609693823
12.798157895337354,17.04167568992185,11.33058475470665,118.91626625,2,2,0.12433193606725633,0.07401682845864838,0.8016512354740954
14.64732813244792,19.39887574732079,12.837803015157732,72.18625279999999,2,2,0.04188745092591677,0.03580079560196352,0.9223117534721197
8.024978086137194,8.159877878625183,1.481111314701593,35.33072583333333,0,0,0.7871426177362729,0.14687588147430067,0.0659815007894264
-1.347865446823147,10.493825799371097,10.41075595588984,1458.5639672166667,0,0,0.8776675332420374,0.10685908261789943,0.01547338414006314
14.038813572045996,14.46265882263114,3.5051233541194904,73.05330916666666,2,2,0.18033308397216619,0.10014369254196943,0.7195232234858644
2.645367865764462,3.6184285547440007,2.4691257831029247,13.0124599,0,0,0.9261055160170966,0.07021127082161367,0.003683213161289817
3.4933644720987043,5.805883868171184,4.6386240346301975,22.95238845,0,0,0.9022979546695958,0.08926549264377108,0.008436552686633169
13.351520174726328,17.220499124169056,10.958384203377932,73.55043423333333,2,2,0.1059952430142,0.06707535215205636,0.8269294048337436
13.296212412245792,13.36418508773841,1.35627945818311,69.18940053333334,2,2,0.2901852731141933,0.14041128262371588,0.5694034442620909
15.364030823409466,16.522567641953785,6.140955779445392,75.88801818333333,2,2,0.07071867303709196,0.051803814479506057,0.877477512483402
11.1692175543348,13.734478122223214,8.033389818354124,47.13408055,2,2,0.3648070651429178,0.14106966337020982,0.4941232714868724
1.6985630532821183,4.920827715033177,4.618548803291787,9.4452636,0,0,0.9239064933965286,0.07297624715842474,0.003117259445046713
16.672884811336754,20.30507538129677,11.733444391210211,93.2391152,2,2,0.015717292509264513,0.017484063015469436,0.9667986444752661
8.204955764885343,8.341422287874948,1.5064235265580237,38.94651411666667,1,0,0.7771064150813959,0.1498191930543473,0.0730743918642567
11.714732149974392,13.639959206847644,7.026195010605079,58.0283376,2,2,0.33018861917250686,0.13369020529237707,0.5361211755351162
12.893496413286169,13.131923382564397,2.5084790431676254,64.92205425,2,2,0.31089156339358537,0.13968809689860426,0.5494203397078103
4.837020334241637,4.94552787262805,1.03098303478032,38.00627121666666,0,0,0.8949804777438354,0.09418613048872984,0.010833391767434798
5.135650114913751,5.143155556772602,0.2779741124894599,24.673386866666664,0,0,0.889625036169304,0.09887441561486555,0.011500548215830504
11.251016050638594,19.17443013845108,15.607022255908134,54.77545233333333,2,2,0.15292861476121383,0.0956468560690775,0.7514245291697087
4.215920025743461,4.719107925777883,2.1213811196723213,19.649666616666664,0,0,0.904366727617093,0.08707222563733848,0.008561046745568578
12.887968550610744,13.125062974554677,2.5008472637634043,64.70261461666666,2,2,0.3117138351492761,0.13991215772419408,0.5483740071265297
8.54127425490489,20.6655050216026,18.86973801513551,44.3350632,2,2,0.28819211315596344,0.1661340149450608,0.5456738718989758
0.8564672508083231,10.7834218226919,10.74972538486702,6.553286683333334,0,0,0.8810390206066075,0.11319129468548605,0.005769684707906382
11.860108892945668,13.458635957109443,6.398814952724251,60.66437346666667,1,2,0.3307166758344302,0.1340417204468699,0.5352416037186999
3.923070067357183,5.489182679099389,3.840851217838008,18.18498733333333,0,0,0.9007946168127409,0.08985429210023209,0.009351091087027018
8.693540182908354,9.781810007672805,4.496804933521446,45.87954318333333,0,0,0.708187009658395,0.1576391859340203,0.1341738044075847
7.482346822787212,7.548238261229248,0.9971794532038984,44.184531766666666,0,0,0.8146965634815658,0.1379701948082328,0.04733324171020127
8.612506092601048,19.87276052097868,17.959895292847477,40.20654986666667,0,2,0.31198706305707086,0.16806239996961178,0.5199505369733174
1.014302226610632,1.606431115579342,1.2457538853680603,4.810102483333334,0,0,0.9465666833988509,0.05223097034563835,0.0012023462555108525
3.250252858216708,4.652244315935016,3.329312982673116,17.32590211666667,0,0,0.9141104806927904,0.07994840746075407,0.005941111846455489
10.415290893137406,12.379754847141612,6.72079236090201,43.95350293333333,0,0,0.49101637666097164,0.15841086386432945,0.35057275947469885
6.331408785534066,6.35042583718443,0.4917505006227429,28.163258566666663,0,0,0.8585297881509678,0.11826093458223103,0.023209277266801265
1.27350563200243,5.781291762041234,5.639432769994869,6.3619460000000005,0,0,0.9207479616133396,0.07629661297404676,0.002955425412613724
5.409352456451788,8.323669417210597,6.332064104633275,22.46879073333333,0,0,0.8460149121528492,0.12300805641023632,0.030977031436914534
10.15862825150311,10.158642789656255,0.0172568009160727,41.562478000000006,0,0,0.6538123284685415,0.1814869055368403,0.16470076599461822
7.284642267669501,8.993654034101143,5.284385207129986,49.15247975,1,0,0.783263435134249,0.1428062340298368,0.0739303308359143
11.291815009563487,17.243773409601598,13.100384778061084,57.7329617,2,2,0.20629310614268306,0.10903434527795054,0.6846725485793664
11.6745830021775,22.67911600834042,19.5532678146173,59.58395925,2,2,0.07038252666360943,0.06257439327364261,0.867043080062748
16.06017007676663,16.145837411942995,1.6799974338750303,82.91981806666666,2,2,0.08015358827700124,0.06384808016780415,0.8559983315551947
12.486516306386337,23.90617704896204,20.52015565979224,80.40725673333333,2,2,0.038987996354181605,0.041437750642753915,0.9195742530030645
1.377904198846443,4.755130721056158,4.551239192245987,7.461939583333334,0,0,0.9270531880944529,0.0703577946912298,0.0025890172143171733
3.174874338332679,4.492320946692152,3.178908359309446,12.86563135,0,0,0.9160118376530718,0.0784603422605963,0.005527820086332033
10.659236874947888,10.809154849508577,1.802206855879945,58.1956057,2,0,0.5785775422783441,0.173695494458672,0.24772696326298382
8.81947754927091,15.057000515525528,12.239841967142752,42.32671438333333,0,0,0.4879393567785493,0.1723535566491067,0.33970708657234394
6.7194624301528085,9.940251955326351,7.336492515925727,33.580796416666665,0,0,0.7811805844725159,0.14660962800838093,0.07220978751910315
8.90818188769374,12.236667188377565,8.414696085319918,,2,0,0.5989283017862751,0.16625921348012038,0.2348124847336045
16.117359454942363,19.112525929391825,10.390764486272415,73.98651538333334,2,2,0.026783805871199138,0.025640927857398972,0.947575266271402
6.809799640944751,7.032730670060271,1.7594948787503597,34.14386811666667,0,0,0.8383967804749861,0.12613873991464516,0.03546447961036883
12.384811628797292,15.428733098402132,9.260240170026805,65.76982786666666,2,2,0.20438619739383806,0.10190029700917926,0.6937135055969826
0.9338254194173944,4.538608795370121,4.441642014734441,3.843453583333333,0,0,0.9310358093649873,0.06696744686577101,0.0019967437692418395
6.999383012415549,7.228150798319436,1.8071940587163908,,0,0,0.8302401473861504,0.1294124154320188,0.040347437181830904
22.776459108660536,24.71026334376568,9.820099376359138,120.02140768333334,2,2,0.0005872726410746236,0.0016935764601790021,0.9977191508987464
6.505292911426772,11.769498080190273,9.822355933436429,37.20438008333333,0,0,0.745023708779884,0.16177543158658775,0.09320085963352816
3.4289502130033087,3.435425191932693,0.2108802592745746,16.235525616666667,0,0,0.9206308986481219,0.07512303143235927,0.004246069919518758
10.054564233696162,18.936438903425277,16.111065785511187,48.689653,2,2,0.2340379216821215,0.12987510348220394,0.6360869748356746
10.581360538122428,13.621602176068643,8.616607718158946,52.57509456666666,2,2,0.41190612215038563,0.1495131639493286,0.43858071390028575
7.325559444342412,9.04524354008692,5.3160346103712754,38.48816405,0,0,0.7817447388682355,0.1435481335489397,0.07470712758282491
13.054578581778136,13.68230809374862,4.12630525469632,71.58199771666666,2,2,0.2572472864845323,0.12095067007035154,0.6218020434451161
9.238913094536777,11.92872691452166,7.570511002180353,46.52730491666667,1,0,0.590937446876035,0.16459099952832248,0.24447155359564254
16.000261575973568,28.03653120563253,23.28615351211431,82.29312180000001,2,2,0.0036735855670989963,0.007540134129650301,0.9887862803032508
6.295763579394088,7.084347708319538,3.252581321050912,26.97891543333333,0,0,0.8473557501409181,0.12048545664987688,0.032158793209204964
13.36584084949179,13.90277096416119,3.8554747326056154,64.00998621666666,0,2,0.23450875920126266,0.11594565139471719,0.6495455894040202
12.094031316649591,14.444549867040536,7.94608210878107,54.69290655,1,2,0.2661629735790821,0.1190933264034795,0.6147437000174385
5.63024959276239,13.199666611067345,11.950657497194811,25.51990513333333,1,0,0.7462079342174381,0.17202934326833202,0.08176272251422974
4.8462260075604,11.964190337489734,10.946234550879469,21.7778431,0,0,0.7982397317306086,0.1544251834992135,0.04733508477017793
3.167699715050714,15.384104370242316,15.057666448392268,22.10299455,0,0,0.7785654749548563,0.1823916851288346,0.039042839916309045
12.426423794685524,13.208517054654594,4.5065085540719565,53.79219783333333,1,2,0.3190177248818064,0.13507685017479754,0.5459054249433961
12.82283266363713,23.016957081262703,19.24756310636218,62.99114746666667,2,2,0.04118515988713219,0.04143658499254149,0.9173782551203263
3.710974151086144,7.945732952305189,7.028254960933452,17.40708415,0,0,0.8787101159996364,0.10740276515868535,0.013887118841678226
5.573182431144406,17.641696355101036,16.754693857260946,53.160868316666665,1,0,0.6219295852873874,0.21589834014068685,0.1621720745719257
5.31406748692347,5.793854168358867,2.310557538371484,31.6372058,0,0,0.8804785761550562,0.10294494730463502,0.01657647654030867
2.773596708118877,3.41825905894443,1.9982014042870448,12.53324945,0,0,0.9264464316470414,0.06987216631045157,0.0036814020425069015
17.377468754363026,20.4763355556112,10.97829029759788,89.53235883333333,2,2,0.011857154962494919,0.014303717946113051,0.973839127091392
1.5341128764296446,1.5376765421504015,0.1046302983561418,7.230687666666666,0,0,0.9439397017233602,0.054678178011292745,0.001382120265347018
6.4727723737399465,14.529366948633651,13.026382234137005,33.362848,1,0,0.6704016893599669,0.18671926033698938,0.14287905030304365
18.52311351346346,19.23736384524525,5.274643732837518,84.66668075,2,2,0.013508377862929178,0.01695858860123305,0.9695330335358378
3.4122996730325834,3.557204328814465,1.0052098732413128,16.237285683333333,0,0,0.9203532840061873,0.07500995885465357,0.004636757139159071
12.409515605712745,13.623526826610004,5.657970900054124,50.82525683333333,2,2,0.2931260855332779,0.1272507014465409,0.5796232130201812
12.548148227008696,19.83573322949153,15.464098587874616,67.34331481666666,2,2,0.08413965941945142,0.06225389645915234,0.8536064441213963
10.325795377309072,19.11865833746893,16.159062148787257,48.32566616666666,1,2,0.20996813328738742,0.12108220830630914,0.6689496584063035
19.95939094310807,21.909617630506357,9.203335803667642,124.04552763333332,2,2,0.0032865665547060436,0.005761304011989188,0.9909521294333048
9.129187043642885,12.772425053495963,8.961308841030814,58.65692681666667,2,0,0.5585326461870722,0.1657216311121539,0.2757457227007739
3.721636356978512,5.360645401996236,3.859530471145263,17.676642883333333,0,0,0.9039995602060993,0.08761599314007511,0.008384446653825544
19.15503881907221,19.48055203058921,3.606114290167909,100.11309898333334,2,2,0.011277513374355942,0.01566560549738646,0.9730568811282577
13.120012014488358,13.130099407195996,0.5183327083101972,58.04619226666667,2,2,0.3279514083879188,0.1547609180263086,0.5172876735857725
0.5694049712685532,1.383108052362429,1.2605255305161904,1.95569585,0,0,0.9495455524337617,0.04951512090714195,0.0009393266590963296
4.803908853672344,11.27909742847286,10.211761432193782,24.08824148333333,0,0,0.8116135070200404,0.146946871793483,0.04143962118647674
4.048947180952311,11.169302833167288,10.414007427438436,18.95131523333333,1,0,0.8307812539838776,0.1403705287719339,0.028848217244188564
12.783924509539965,14.742866021152931,7.39380517647669,77.1577598,2,2,0.20931377403199608,0.10278047640260664,0.6879057495653973
13.990579465255644,17.599124534736344,10.766740780134056,88.18789360000001,2,2,0.07764452886804675,0.053840545360910076,0.8685149257710432
12.121519351836945,16.179568434861146,10.78223224021201,58.76677141666666,2,2,0.19305765698870928,0.10000349324222053,0.7069388497690703
6.7261071281701,12.559575834860842,10.623235422470174,54.77977956666667,0,0,0.7119508028461049,0.16933163151247704,0.11871756564141817
7.700858327961908,13.492811236298929,11.103249055495468,53.9954351,0,0,0.6281207186694445,0.17597761917278457,0.19590166215777088
10.227067610798672,11.648365459916574,5.599152062933115,53.14129458333333,0,0,0.5407640216985365,0.1619457925694016,0.2972901857320619
18.616613011169555,19.956062050874337,7.301807110178458,100.54153316666668,2,2,0.009603115925865885,0.012713733800280869,0.9776831502738533
10.353502881226763,14.70823330467019,10.491593456919476,70.78108438333334,0,2,0.37228444412719214,0.14553532928262614,0.4821802265901816
13.235765887937456,15.366296974326795,7.864339426494723,104.49294105,2,2,0.15836491969054475,0.08553747696127513,0.7560976033481801
7.207348088919964,8.324368163330764,4.172890182581966,35.541916183333335,0,0,0.8024544685890729,0.13751986468215652,0.06002566672877052
1.5292335101967551,4.808713287059918,4.559214004944778,8.197492316666667,0,0,0.9257577903000361,0.07142883426720746,0.002813375432756313
11.1711125032743,12.194901670270774,4.91584225413348,48.55228123333333,0,0,0.4537700038302609,0.15603607305995784,0.3901939231097812
6.399889000947828,6.404257448903745,0.236829932615592,38.429056,0,0,0.8563551113663588,0.11986786424180124,0.023777024391840037
6.781445891102268,15.300575923785072,13.737489393412432,38.09789448333333,0,0,0.6270396991944053,0.1921506115010027,0.18080968930459204
5.652284567869973,6.538032663792201,3.289290999858167,25.659325666666668,0,0,0.866563564330109,0.11076125800174648,0.022675177668144437
9.469335816337589,10.897277048011944,5.4115909960762565,50.30022161666667,0,0,0.6232408903673767,0.16330002921565007,0.21345908041697326
15.026443640948662,15.823022396969169,5.006105301401988,69.87149894999999,2,2,0.09688311647573239,0.06534963128630454,0.837767252237963
11.587693430371928,12.448838238143953,4.574708501457167,50.42294638333333,0,2,0.41382868468620937,0.15161955040312547,0.43455176491066516
9.867612666925464,11.349756811005625,5.629257347990091,49.5016435,1,0,0.5788256873183929,0.16337706988908166,0.2577972427925255
14.961930985780086,15.63656469479898,4.587808067235869,87.58576771666667,0,2,0.1025336716750759,0.06802714817107118,0.829439180153853
14.482469177499263,22.273341938798207,17.076731888614745,112.77569985,2,2,0.022499604026412833,0.02441227664966148,0.9530881193239258
2.8153778835034453,5.082288816522953,4.231868636886532,13.818313516666668,0,0,0.9145206638960501,0.080100856245078,0.005378479858871934
6.755564755464487,8.186927668745085,4.631997629131433,,0,0,0.8161934450037734,0.1325566231973557,0.05124993179887084
3.926454290959952,4.021536031678553,0.8696545853486555,28.881649166666666,0,0,0.9123212100729567,0.08144433164535177,0.006234458281691515
15.219234796348108,18.02079639605149,9.748102897026968,91.84048371666668,2,2,0.04669320202248211,0.03764834816232965,0.9156584498151883
8.36342339189998,8.483194360944093,1.4241779372418932,46.06713993333334,0,0,0.7681854753602795,0.1524405281969722,0.07937399644274831
15.843159226315173,18.538477380081662,9.733384462508807,85.19161328333333,2,2,0.0336475661241525,0.03001125601160753,0.93634117786424
-1.1462339582669117,4.914409409879722,4.7803875552243085,1503.2036043833332,0,0,0.9250951378963621,0.0679809137716816,0.006923948331956389
5.858372514427538,5.911566898792188,0.7921377359063513,29.81921943333333,0,0,0.8714510037059036,0.11004919189552134,0.018499804398574928
8.11401116327246,12.16677269466804,9.088120476530037,33.608671050000005,0,0,0.6538183362380579,0.16816385994400887,0.17801780381793325
11.773785391870938,11.81160452375981,0.9498453807077284,62.37345053333333,2,0,0.4715955038282532,0.1736923654052558,0.3547121307664909
9.08387833598808,17.963330804680197,15.546485575057886,55.7633306,2,2,0.34220160980815845,0.16086609442429553,0.496932295767546
17.836602115020128,17.83660214863268,0.0011107902546427,79.9242685,0,2,0.036734936560111696,0.04114327882246329,0.9221217846174249
10.394426719850069,10.549340364432858,1.8090077458188036,53.14126125,2,0,0.6061329304558333,0.17344120049973322,0.22042586904443348
8.348976484527554,19.288334125704424,17.43322239610714,41.74233793333334,2,2,0.35496469955525567,0.17753215038136613,0.4675031500633783
2.644657537026768,7.922642442459401,7.46913844564159,14.8659691,0,0,0.891482841404494,0.10006201549161267,0.008455143103893272
7.480526706912607,14.614463957792672,12.580109754869454,36.309079233333335,1,0,0.6059792752159988,0.18432378187036522,0.20969694291363586
7.143014837890778,15.037017381968376,13.255978215054595,35.88908621666667,0,0,0.6134019433836151,0.18875913657690518,0.19783892003947973
5.504456079216079,7.916344797245885,5.694811636054737,25.576756,0,0,0.8500244435077939,0.12025437105589958,0.02972118543630643
2.2721315714626664,5.300209917921796,4.788871481191109,10.37064215,0,0,0.9171820105506638,0.07844501775577646,0.004372971693559611
8.025575794029786,22.666341621484715,21.24859901563764,54.60826801666666,1,2,0.2576409306570159,0.17188398036415206,0.570475088978832
5.660736308771772,6.55790271310412,3.314280390826468,37.1181229,0,0,0.8657235911190037,0.11102836050298091,0.0232480483780154
8.945722751459975,16.286006783063435,13.65081156424128,51.428969333333335,1,0,0.4232668558774419,0.16890248609560368,0.40783065802695456
12.08221219427797,15.989801233154,10.537078691247617,71.83746305,2,2,0.19916252360004785,0.10127605047396072,0.6995614259259914
13.155444507486612,16.991244594140746,10.832470016506363,61.00199246666667,0,2,0.12027224017361852,0.07325992029479608,0.8064678395315854
14.246681868547965,15.37392426767023,5.829006229362904,66.6919818,2,2,0.1301169218196766,0.0779254680737638,0.7919576101065595
15.372486227236989,15.85407795955816,3.918159069140984,71.0520878,2,2,0.09160079306389511,0.06472211120780123,0.8436770957283036
21.02373116696416,21.286424628222317,3.4028923288885267,103.65379895,2,2,0.0038733584833001954,0.007524856061468262,0.9886017854552316
1.8599990601933496,5.823108749041544,5.518311389189478,9.2315318,0,0,0.9163554424359794,0.07967953155434902,0.00396502600967139
6.378250418935029,14.543608644155618,13.08827243054543,34.398818266666666,0,0,0.6749070394420446,0.18684478207201635,0.13824817848593912
8.039806953627645,9.483974277942588,5.042608102997406,40.8742128,0,0,0.7446560031927625,0.15168381089883373,0.10366018590840381
7.028442209811842,7.419232423361025,2.3802403841648925,37.7637465,0,0,0.8262120246066644,0.13041453826941607,0.043373437123919494
15.81926737208603,17.9210342288678,8.514210244732055,85.54467003333333,2,2,0.04029373121085918,0.0342082810748402,0.9254979877143006
4.346437689063893,5.579796053290928,3.5007415104214488,19.125315,0,0,0.895280446304863,0.09347857874045568,0.011240974954681406
17.209539814753445,17.41142814315392,2.678965564603629,88.37380416666666,2,2,0.038557862571522515,0.03768781997895176,0.9237543174495259
7.45910776220324,7.645291933663262,1.6803030237469443,30.519953,0,0,0.813134501848637,0.13719510549363778,0.049670392657725104
7.824628337075656,8.775068020347335,3.9808958945710913,33.894994483333335,0,0,0.7735502665613353,0.1459974847266808,0.08045224871198398
11.27974821815065,17.10357299166234,12.923817163840567,62.63068361666667,2,2,0.21065809075411915,0.10990758206574974,0.6794343271801311
4.4732176451221735,4.631474612730811,1.201032809380223,24.002696066666665,0,0,0.9021743463342743,0.08900958439622829,0.008816069269497528
0.8599136524346678,18.11494882681765,18.095149604321875,5.1501304333333335,0,0,0.78072835042535,0.19963016382802862,0.01964148574662137
11.250524893820277,13.815686032664464,8.060077389470507,49.34982571666667,2,2,0.35428493751619033,0.13899651294197757,0.506718549541832
1.129791883240677,12.773758227003643,12.724043680870494,7.0115387,0,0,0.8555869533826916,0.1351198541103198,0.009293192506988453
12.54737413327479,18.384245323434737,13.525590367612324,91.07193436666668,0,2,0.10772329959440004,0.07027096777139126,0.8220057326342087
3.37487170454403,6.919228028443788,6.041906873663805,19.18978195,0,0,0.8933179271620344,0.09679037479441535,0.009891698043550194
9.24544673799835,9.439374302958592,1.9098225015675323,37.76583953333333,1,0,0.7066343212097541,0.16440039834501682,0.128965280445229
8.525677962350812,13.429511703866613,10.404538608147618,37.475146083333335,0,0,0.578689638436304,0.17239485598201826,0.2489155055816777
15.995750603100609,18.768193342503093,9.928737017445371,84.15023426666667,2,2,0.030144855392385865,0.027783186303250728,0.9420719583043635
8.113083687605624,13.90281241032655,11.31759309972523,33.92558628333333,0,0,0.5897547094259052,0.17703832619687707,0.23320696437721775
8.963603569178979,14.703336006092524,11.690963973250746,42.07339041666667,1,0,0.491594924718506,0.17024504013911174,0.33816003514238213
9.530505605869951,10.53648140629257,4.508867803850137,53.14167916666667,1,0,0.6370431165021565,0.1635970391837473,0.19935984431409623
9.850443292565991,11.719087970578215,6.372905914229307,48.66461593333334,0,0,0.5612428737497646,0.16275201471422343,0.27600511153601204
12.48782201582389,13.97945107169736,6.32429048223463,53.01469805,2,2,0.26794828849488433,0.1203218566323298,0.6117298548727857
6.930511516440033,8.307803834532063,4.588881685290914,31.16265613333333,1,0,0.8104858976193755,0.13495741961681373,0.05455668276381074
11.981506135719194,12.142068312524984,1.9797817276416367,61.651231716666665,0,0,0.4269965099768089,0.1626453034216287,0.41035818660156254
20.306220448897957,20.590297126353175,3.473851268897647,93.18395186666666,2,2,0.00593325073378517,0.010123755581667847,0.9839429936845469
17.665370238445934,17.711208959829268,1.2913806860848922,92.56722043333332,2,2,0.034678497626595854,0.03706287312793167,0.9282586292454725
8.529551722398168,15.718834631975009,13.239552469813477,46.7996653,1,0,0.48237984790321564,0.17670645721752928,0.34091369487925494
12.475450744370796,13.240227511180256,4.463605363842419,63.72081406666667,2,2,0.3120548259694314,0.13326538941125185,0.5546797846193168
-2.0057878043229094,3.184639114351557,2.475006803291592,1476.41068935,0,0,0.9412741852001837,0.05576905571120268,0.0029567590886136344
1.3507047420543048,10.767761969941466,10.68299831439947,6.147227633333333,0,0,0.8761791050485063,0.11647070063635373,0.007350194315140018
11.460741675410077,13.355969314711825,6.895010016292304,55.34335063333333,0,2,0.3630518882187483,0.14019780293602563,0.49675030884522603
3.906843420690022,5.620379898528579,4.042007769566027,17.78436951666667,0,0,0.8997921675011621,0.09065182518496305,0.009556007313874789
8.414740093156007,9.029222983060404,3.2826612244134594,34.3418738,0,0,0.7473340970501399,0.1530429409189936,0.09962296203086654
11.051772605819894,11.071030996005856,0.6559590562225708,56.1506486,2,0,0.5575261508544458,0.18059256651791478,0.26188128262763943
9.344709045732609,9.349395678197926,0.2969935648051205,50.77933321666667,0,0,0.7135237382255405,0.17031432294349533,0.1161619388309642
13.15355877914145,17.14300099456374,11.074694638862894,75.09525558333333,2,2,0.11461698060660674,0.07078611876669977,0.8145969006266934
11.323094279164213,11.915321375925537,3.729197751204652,54.27883685,2,0,0.465044821121299,0.15997697607560596,0.3749782028030949
10.88169139169822,12.469780050951185,6.1188333904366345,60.90610225,2,0,0.45056100541738947,0.15350314419459188,0.3959358503880186
11.683186465822487,12.648748325422634,4.87430207790311,61.87313163333333,2,2,0.39166316756300884,0.14709960456609128,0.4612372278708999
15.270278177754872,15.288762974370815,0.7592607912105223,63.7090793,0,2,0.13272727741068813,0.09222976340440453,0.7750429591849074
8.147065078958205,12.239089274478143,9.155943024917237,33.83922628333333,2,0,0.6492540663732159,0.16853489853112164,0.1822110350956624
11.597992640811997,16.925960568460717,12.396124662021125,,1,2,0.20031240575942433,0.10559853796664348,0.6940890562739321
8.231946574418659,8.917414089228425,3.437229367660052,39.15695458333333,0,0,0.7561663283073685,0.1506570302846362,0.09317664140799524
7.451000869998337,8.145595432225075,3.297941853072132,31.993178383333333,0,0,0.8005964427273955,0.13884318600305945,0.06056037126954511
10.25839383294436,12.504001143454808,7.179439668832686,53.34884238333333,1,0,0.4926235589188536,0.15825757962871237,0.3491188614524341
9.19931141373529,11.72674101844122,7.296202320944928,46.93337031666667,1,0,0.6022166982869754,0.16433255076146341,0.23345075095156115
9.12122033526442,11.80430389181843,7.516947012128639,43.52582386666666,0,0,0.6044960834955249,0.16479869299941624,0.23070522350505887
12.214759678054474,16.136631997576377,10.610309312953234,67.01310553333333,2,2,0.1877164100508982,0.09776751108326767,0.7145160788658341
2.59540848508293,12.536665372046963,12.26651986770122,12.385125983333332,0,0,0.8376345303520594,0.1440133073062505,0.018352162341690157
14.089254983210166,14.11594621126991,0.8750710318105348,73.1788104,2,2,0.2200377931323946,0.12341336194850594,0.6565488449190995
8.01670111459067,9.444062189339482,5.004078519986535,38.946402600000006,0,0,0.7469760230887091,0.15131216915586673,0.10171180775542416
10.818045300001057,23.875188870979063,21.38502252635189,58.47594321666666,2,2,0.0802714093643814,0.07436655332626485,0.8453620373093538
8.835564803253455,23.05635430396224,21.359921779625356,50.03117361666667,2,2,0.19141885866133398,0.14083654095626405,0.667744600382402
8.83120103592223,10.942441841007328,6.480346224229436,44.88734886666667,1,0,0.6567834725277355,0.1623058506846514,0.18091067678761316
20.88811196293985,21.47724490628259,5.097892756597332,115.6032177,2,2,0.0033410770038001833,0.006386386877996212,0.9902725361182035
7.670334361129142,8.31167002001209,3.2083530726789604,42.14225273333333,0,0,0.7898315835768708,0.1420335658353302,0.068134850587799
17.503816414814626,18.173884023428123,4.957003780923884,81.50671718333334,2,2,0.025228425329559653,0.026336770540310354,0.9484348041301299
6.005131311347868,10.55313923482808,8.688201324913365,33.18751088333333,0,0,0.7910742228219643,0.14768466350095566,0.061241113677079954
12.921040213585483,12.995186862206705,1.3959818761477436,55.82739961666667,0,2,0.3334431231705266,0.15056248283113283,0.5159943939983406
12.384496806360325,12.43776890239177,1.157292997375066,51.81056306666667,1,2,0.40017608683209155,0.1641835733981342,0.4356403397697742
13.878666611614902,15.934359594344,7.893316804738504,68.10447501666667,2,2,0.12199502974686185,0.07315208728089576,0.8048528829722423
18.568688582454005,19.71364154171441,6.724823443753678,96.29025153333332,2,2,0.010725576341478318,0.013907517180940682,0.9753669064775811
8.084430155111178,8.237401369874465,1.5839261419608306,52.60775683333333,1,0,0.7817304996233215,0.14770699129492937,0.07056250908174903
11.277596514958365,12.75553144807727,5.990750978667279,52.73558533333333,0,2,0.41063218143249164,0.1486973595701197,0.4406704589973887
2.335178252932327,16.35431846096398,16.188143253531905,17.087898250000002,0,0,0.7809227674784003,0.1884073856837216,0.030669846837877997
6.669976546928234,7.244899936132858,2.8327333910572747,34.68679358333333,0,0,0.8369561043359064,0.1253516465360088,0.037692249128084956
5.485409788066352,20.818678840632533,20.10201380128629,36.32847171666666,1,0,0.5246200305881032,0.24283973985033186,0.23254022956156492
0.1557303265913887,10.31650318947702,10.31623000761556,0.5453379833333333,0,0,0.8919950803849523,0.10429918302924002,0.0037057365858075915
4.292128754279047,6.9735451864297655,5.498909485823447,22.711185583333336,0,0,0.8815810051335756,0.10347885152058447,0.014940143345840033
10.228768047632386,10.385270011055145,1.80360962653333,49.131565216666665,1,0,0.6229769806376706,0.17297482084227717,0.20404819852005227
12.750985060101256,12.866217829443787,1.7298693513839112,52.621188366666665,2,2,0.3464293076964845,0.15146459190123032,0.5021061004022852
2.698903939157832,3.081580874051613,1.4874968894669678,11.39436465,0,0,0.9290074137674181,0.06772366064326737,0.003268925589314542
9.417516915877025,9.442162917858342,0.6841180528373627,41.7196772,1,0,0.7062708872319983,0.16993899920278036,0.12379011356522143
-0.4641357859839572,6.994347216587103,6.980157740750428,1478.95379255,0,0,0.9020456633517131,0.08418706893959006,0.013767267708696802
10.555744985702828,12.257780609097866,6.259167265870417,47.55237858333333,0,0,0.4875009548076305,0.1579899284016097,0.35450911679075986
13.60146134081899,13.601779680347589,0.0937933954766094,,2,2,0.2867909335012545,0.14845470789866907,0.5647543586000764
5.354669400765089,5.568576214523721,1.529930719938818,22.41779638333333,0,0,0.8826866548087943,0.10221319370108642,0.015100151490119144
10.07702323641026,12.122507202372471,6.765690041366781,53.076387233333335,1,0,0.524888862565992,0.16071424108198945,0.3143968963520187
14.83749729389979,14.91679143438136,1.5507361084803506,75.65343695,0,2,0.14958117735039395,0.0955547660873986,0.7548640565622075
13.44041460037094,17.817580738150035,11.7872746802679,73.68687100000001,2,2,0.09069254881304205,0.06084103265294082,0.848466418534017
5.398654585155979,15.458571168252318,14.498347057356142,31.1809593,0,0,0.6981890375210624,0.19491155133904003,0.10689941113989748
11.987698039595584,12.513374793541493,3.610191405735634,71.7331647,2,2,0.38585898178027417,0.14915404298476606,0.4649869752349598
14.931326229528048,15.628017883198217,4.659019376946844,69.19293306666667,2,2,0.10571147093803265,0.06972095651442137,0.824567572547546
9.042817495250247,9.508793741387402,2.94937730845379,47.1276544,0,0,0.7066200916364187,0.1605882103077941,0.13279169805578728
10.69703674483734,13.17242833056666,7.722170657895617,56.076726066666666,2,0,0.4255384389757026,0.15047522141480082,0.4239863396094965
11.984480514788508,12.8219451928839,4.585033122574259,61.67229613333333,2,2,0.3645502676026935,0.14326171752526803,0.49218801487203845
9.466806638077328,9.521697870696592,1.0244848571913394,43.49417571666667,0,0,0.699035716151351,0.16931847139934375,0.1316458124493052
4.89214223444461,7.605560342758107,5.827442418611781,25.665307916666663,0,0,0.8651496632945453,0.11301140529847595,0.021838931406978554
2.630252818727005,10.58322733937296,10.252433706893328,14.919899566666668,0,0,0.8626675043837243,0.12392095441117112,0.013411541205104516
11.994573808243985,13.087887501605127,5.267927654523135,60.59766321666667,2,2,0.3459679099465625,0.13849432208212065,0.5155377679713168
12.621118308009848,13.291896994421649,4.197029357702149,63.30131156666666,2,2,0.3027494664638443,0.13196623797667212,0.5652842955594836
0.9786356792938424,1.577673480643936,1.2375048494698149,3.7645068,0,0,0.946871220304954,0.05195352318850225,0.001175256506543783
7.163018002167548,7.260638349103714,1.188755931502726,35.542107566666665,1,0,0.8275759064715716,0.13220470062603468,0.040219392902393784
9.313222426466634,12.198602195610174,7.904869907506026,41.16715285,0,0,0.5753418570287079,0.16496085455264817,0.25969728841864403
10.197549363903866,14.67212619894716,10.592618561392667,63.72132005,2,2,0.38817947793295754,0.1491454374683519,0.4626750845986906
7.125523298473208,7.984510302374635,3.609119073057968,31.26331145,0,0,0.8124205337099123,0.1345444288595863,0.05303503743050134
11.842311002366994,16.597527761768216,11.696699001609431,69.6955473,2,2,0.19238666883529368,0.10087088466215743,0.7067424465025488
6.56800227916001,6.681939067062712,1.2304831133614584,32.032121616666664,0,0,0.8490971403435383,0.12187449760714582,0.02902836204931602
20.09609297640379,20.69966959804836,5.0552252044059856,92.20792075,2,2,0.005524611414446891,0.009150808680835624,0.9853245799047174
13.3225333805088,15.810591488417211,8.578103904978548,100.61414748333333,1,2,0.1405627589513709,0.07924811118774423,0.7801891298608848
11.48104094894194,11.482827274336698,0.2036301619529013,57.772606333333336,1,0,0.5184405405156564,0.18259394898429476,0.2989655105000489
16.871033212188998,17.393192931717763,4.283712073069239,70.42585508333333,0,2,0.03958427717995258,0.03662968348948939,0.923786039330558
10.901435510664095,16.560144776989507,12.525897015414046,53.75539731666667,0,2,0.2573242077778134,0.1238255440295789,0.6188502481926077
8.411560397799825,12.782920723536936,9.650926773567676,40.49325778333333,0,0,0.6112032347129324,0.1703426567180059,0.2184541085690617
13.084000110983467,15.271728549738166,7.93332441620953,62.95852145,1,2,0.17625608967779247,0.09275962132952673,0.7309842889926809
8.831629774703837,14.63577278708584,11.705499894109693,69.11965756666667,2,0,0.4979638747194964,0.1699440796417158,0.3320920456387878
19.06335751251709,21.839283710197552,10.833774762651617,89.56694470000001,2,2,0.004612464439067264,0.0073044877463768615,0.988083047814556
15.58190810474338,15.784818210578448,2.5497741510394576,87.43464795,2,2,0.0932174707268938,0.06799285985418144,0.8387896694189247
12.899145273222734,14.443112473287949,6.542974465971327,71.69543278333335,0,2,0.21897527491142454,0.10633440149525769,0.6746903235933178
3.4858169496327447,7.58807585866644,6.741919227454531,18.958247850000003,0,0,0.8853373874492729,0.10288559836169628,0.011777014189030701
8.417840963806817,8.443432501790896,0.6586318633297026,36.32757785,0,0,0.7711945430577829,0.15482507923156205,0.07398037771065495
1.311199072071375,1.7945681782388394,1.2252803373235397,6.793830516666668,0,0,0.9442294524565976,0.054350888293758545,0.0014196592496437174
17.10033017855683,18.474891809389845,7.084723583119938,84.81294671666666,2,2,0.02400188976157964,0.024292760031003384,0.9517053502074169
12.4415114260897,16.855008666901572,11.444787982702849,118.40042781666666,2,2,0.1445945102675083,0.08206476334082297,0.7733407263916686
10.359444408572932,10.461965502827391,1.4672886763897282,49.92321108333333,1,0,0.6156675526128194,0.17500934560827788,0.20932310177890276
7.171273347795507,23.174388667620114,22.077229808777588,61.24195111666667,2,2,0.3041574606482466,0.19945515843698589,0.49638738091476753
11.929124699324564,16.984700188254898,12.1617134903492,71.75135645,2,2,0.1747933814507091,0.09551128711946749,0.7296953314298235
6.582268106971098,6.633296170302396,0.8224082341887993,36.3740806,0,0,0.8496360282215402,0.12231163103925319,0.028052340739206667
12.578081320745728,17.35413561146364,12.036008755740824,77.45945558333332,2,2,0.13205215327796682,0.0788910159580734,0.7890568307639597
11.343594326425563,13.31000336931592,6.999320596076672,60.40300911666667,0,2,0.3719364536102122,0.14153768839100367,0.48652585799878406
4.649591540294904,6.144966106577416,4.020167145783432,22.10257353333333,0,0,0.88583037914239,0.09973619230372904,0.014433428553880861
11.69551671191493,11.717852821347275,0.727234529695238,59.30300475,2,0,0.4853596760852893,0.1765634063746091,0.3380769175401015
11.43097124361493,11.885483693180609,3.272811625690281,54.59586996666667,0,0,0.46349577451126384,0.1613818897683977,0.37512233572033854
13.059778908486546,13.07691435731052,0.6740537081169293,59.49069833333333,2,2,0.3312631016577091,0.15435688234455036,0.5143800159977405
17.375698209421653,17.389657170089926,0.7060953724104593,83.84652131666667,2,2,0.04380912351258705,0.044679947220342804,0.9115109292670701
0.5282707383267393,18.24422452735836,18.23754698552935,3.483994416666667,0,0,0.7846670882638495,0.19833633897836336,0.016996572757787244
10.55455987140721,14.085861196079057,9.36976652526181,55.10018208333334,0,2,0.39035221613552806,0.14703065305698026,0.46261713080749167
18.33019724710293,19.30614741090495,6.153397890766996,79.71707643333335,2,2,0.013581703286175457,0.01669057038294395,0.9697277263308806
0.3687145807281483,5.17700642345478,5.164199887259883,1.874664916666667,0,0,0.9301553226304894,0.06816196340210419,0.001682713967406563
5.059202135958845,5.069004283092192,0.3153252630550582,25.06162098333333,0,0,0.8912731198451717,0.09766079067687233,0.01106608947795602
7.421729842044903,9.525025120369214,5.982023781513362,39.39135543333334,0,0,0.7663208107337628,0.14773976625764781,0.08593942300858931
7.494004562617489,7.827930494373225,2.2665017541019097,33.49534778333334,0,0,0.8074289951810323,0.13801224008793597,0.0545587647310318
7.013246471211504,7.424151706417207,2.4398404220153225,38.39379478333333,1,0,0.8263707535805976,0.13024629671694254,0.04338294970245969
12.622987999100207,16.803334114573065,11.16540333043639,71.38772315,2,2,0.14579191643490236,0.08338014120498155,0.7708279423601161
13.38258891139112,17.70307770451214,11.677526831810384,83.9756994,2,2,0.0934978055068424,0.061851445198262245,0.8446507492948954
8.421928189435008,9.7020552207942,4.829526007303798,45.81197555000001,0,0,0.7220477617825571,0.15541189518067935,0.12254034303676344
15.614844306564606,19.067030588485324,11.05975733154429,66.42081938333334,2,2,0.032437794445146176,0.029467489668280146,0.9380947158865736
16.337138601714546,16.433464009760627,1.7977704417858718,88.15560624999999,2,2,0.06804433168706275,0.056971128585605886,0.8749845397273313
4.282235857082295,11.31114672410198,10.474395701812796,51.72525826666666,0,0,0.8218980586547021,0.14366903057909924,0.03443291076619846
14.77007770991189,15.644127766664452,5.204864681797233,73.61764016666666,2,2,0.10719482217284017,0.0694059763946249,0.823399201432535
7.755108243197389,7.854137231599629,1.2460060414761642,44.81507616666667,1,0,0.8011087394036343,0.14247041306724847,0.05642084752911722
4.262991653621439,8.751257592907171,7.646468352465007,17.878025416666667,0,0,0.8610228078009878,0.1183809202132954,0.02059627198571677
9.254802292254473,12.513510881119016,8.450240330398344,49.714421,0,0,0.5632838582865575,0.1651428472514635,0.271573294461979
6.336518398068258,7.040016148981891,3.071755076976274,30.2473027,0,0,0.8471439859449634,0.12061394894956176,0.03224206510547483
13.892692922183857,17.70436287000975,11.0654864269236,69.50554791666667,2,2,0.08027368132968594,0.05555593817024707,0.864170380500067
17.507444982836557,17.58117170749514,1.6306369543743244,88.3159653,0,2,0.0367135815567318,0.03801422263202932,0.925272195811239
12.97623044017097,13.221718463070138,2.554031726877412,64.14823753333333,2,2,0.3011860069614117,0.13736296352724164,0.5614510295113466
16.294121377720835,22.9262579734702,16.319270025417268,79.98420566666667,2,2,0.00980966422599256,0.013127726519832671,0.9770626092541749
11.92801087442312,12.7996601384112,4.669952921260517,61.40801656666667,2,2,0.36890524317038137,0.14383070331437534,0.4872640535152434
6.692429609249954,7.160735068245399,2.550971061212408,34.33066481666666,0,0,0.8380874193886083,0.12514677987775177,0.03676580073364003
9.029292115648014,11.26065328869641,6.749618716593716,49.405497833333335,1,0,0.6318653483481016,0.1633397270592712,0.20479492459262724
17.414180965113395,17.748292209351877,3.4743901406174587,73.5644983,0,2,0.03207459025322139,0.032528896783393824,0.9353965129633848
7.910998149600592,10.372943808635956,6.724632403352359,37.31718466666667,0,0,0.7231338124718987,0.15649923425012763,0.12036695327797368
6.446398983353015,6.762800579153209,2.0472268993602256,29.79430323333333,0,0,0.8497565735842688,0.12030984979200061,0.029933576623730505
4.976128127120146,15.267290081458995,14.444193192426551,26.04718568333333,1,0,0.722012702129643,0.19164815278847383,0.08633914508188317
6.549428845387824,10.011511034922416,7.583053712515181,34.18942371666667,0,0,0.7851485471429406,0.1461520550142633,0.06869939784279623
13.198374963950318,15.381120872894504,7.956615873249945,71.8172889,2,2,0.16542984494100188,0.08886998186829054,0.7457001731907076
9.261972210618298,9.798812470764789,3.209428916785612,48.66375978333333,0,0,0.685314044658677,0.16263407591851387,0.15205187942280934
3.762206650620282,9.917889225393006,9.179808333921043,27.520345650000003,1,0,0.8536499947252972,0.1257445623117001,0.020605442963002596
8.777474858190544,11.49965110330837,7.451256921562845,42.91426248333333,2,0,0.6380603266165162,0.1643298802285218,0.19760979315496194
20.863406986462238,22.8530815071298,9.51657338723686,90.90284333333334,0,2,0.0019546586831091285,0.004020786637351152,0.9940245546795398
5.985564644338276,16.544117911470696,15.441477906602472,27.363245133333333,0,0,0.6365937803938351,0.20549979951684721,0.15790642008931785
6.551805258796246,9.020003830724631,6.208588608280024,34.90584138333334,0,0,0.8059150815306166,0.13760920901343626,0.05647570945594706
12.146245390691446,13.090183694508616,4.910680339921328,57.22453676666667,2,2,0.3390895023560539,0.1380278121523995,0.5228826854915466
4.590140283486449,4.602496155055355,0.337220914261934,21.03841798333333,0,0,0.9009219795964545,0.09063367092265182,0.008444349480893691
12.09617923900216,15.751199090085752,10.150149532422631,63.08119223333333,2,2,0.20893701382862614,0.10417794625754496,0.6868850399138289
5.142971990544873,14.30116279425799,13.35507555801138,38.67737828333334,0,0,0.7375216221579385,0.18147731207265716,0.0810010657694045
14.010436788473152,20.598246061312324,15.22748376602425,68.84513008333333,2,2,0.04119893127518803,0.03691678524626749,0.9218842834785446
14.448403279964952,19.379282302318583,13.032184565053967,60.06124773333333,0,2,0.04601857854008873,0.03853236243972105,0.9154490590201901
6.706440744500409,16.032287016059865,14.584766959165163,31.561694566666667,1,0,0.6083535458162461,0.1981280648578658,0.19351838932588808
21.73535925372773,22.56556298711912,6.199796176024222,121.59037683333332,2,2,0.0017506583724465285,0.003934870069673738,0.9943144715578797
18.83965731096513,19.354505017699545,4.506518291484838,92.38344561666666,2,2,0.012256420683518506,0.016159835087265685,0.9715837442292158
12.911304363544671,18.24936672093111,12.988170710780253,53.90484265,2,2,0.1021004896926185,0.06771165577792967,0.8301878545294519
6.262210247432217,14.696923593614178,13.313440794375026,48.39170463333333,0,0,0.674401771367401,0.1878745518307015,0.1377236768018975
3.3535079761503352,4.660665845962454,3.237445890749996,15.810559733333331,0,0,0.9131731097778227,0.08063868965332306,0.006188200568854174
8.543491233590183,9.301326027912332,3.6875114790563535,38.147310583333336,1,0,0.7328659978508041,0.15506348473092213,0.11207051741827373
-4.356980592259376,8.270159393852877,7.040831623894121,1426.8753409166668,0,0,0.9230257267316131,0.07507188682881237,0.001902386439574538
16.050524076390857,16.914465855827885,5.397557149386785,68.0638047,2,2,0.05432586137632986,0.04414413755516642,0.9015300010685038
6.755665335960464,8.083618138277117,4.4461050086822524,66.29745493333333,0,0,0.816925647062435,0.13179339055955563,0.05128096237800954
11.660091690753736,15.280548721088348,9.931443577394134,68.38230440000001,2,2,0.2529610215793316,0.11658726452293308,0.6304517138977354
11.341582896065988,12.773907282776102,5.908075311107012,59.10897175,0,2,0.4037753886799273,0.14746312738146103,0.4487614839386116
8.522458464516541,15.794061990931368,13.333760772301671,41.04090861666667,1,0,0.4813126905335704,0.17732971024403096,0.34135759922239856
5.5469412016949,6.6492656642661485,3.670172977664663,32.5849952,0,0,0.8665351277131846,0.11065266794739506,0.022812204339420255
13.70699195040928,17.19777129133342,10.470249319217032,71.06957981666666,0,2,0.09529319837769655,0.06217435014192522,0.8425324514803781
4.215468524098486,13.72638786618424,13.069262002710673,20.793409666666665,0,0,0.7822492213844543,0.16975787752790186,0.047992901087643834
12.583518083223296,14.18015754612431,6.580394185216676,53.26739425,2,2,0.2521475222430059,0.11605184380184327,0.6318006339551508
0.8126287869637236,5.169345567520376,5.105257436931311,3.227499416666667,0,0,0.9277388738815294,0.07015804819064782,0.0021030779278226716
15.688940027338584,19.333192725621743,11.420160023036544,73.47522976666667,2,2,0.029267665668629952,0.02737570923473426,0.9433566250966359
-0.4250863126796088,8.932271486374127,8.92366092156567,1465.2639842166668,0,0,0.8819140905928584,0.09887684863885159,0.019209060768289935
9.294987809108676,13.98815159947353,10.48824855682409,44.84731308333333,0,0,0.4960116433238288,0.16581523782477642,0.33817311885139484
18.86387475848414,24.899933095597856,16.519312748187417,96.13080581666668,2,2,0.0021712586758766577,0.004324102902857481,0.9935046384212659
17.982906555210217,18.100111064220396,2.086633417892017,90.18819001666668,2,2,0.02669156588031778,0.030040053443292688,0.9432683806763895
15.929770978283797,22.8919017294958,16.625659490388443,79.02792873333333,2,2,0.01146363418406198,0.014817619880103846,0.9737187459358342
18.331673160867307,19.86757443286129,7.776972819797834,89.84303563333333,2,2,0.01078047920607743,0.01372818931966321,0.9754913314742594
10.528657461029232,11.73400024932367,5.203171263777279,56.23672938333333,0,0,0.5173046868336878,0.1608748909133445,0.3218204222529677
6.795172008648046,12.056281165510272,9.974787963117876,37.13256631666666,0,0,0.7250683773885453,0.16544500716485655,0.10948661544659814
0.6339524521180998,11.128204452903924,11.110641526727136,5.504689783333333,0,0,0.8796535746172082,0.11487864121843828,0.0054677841643533285
10.552394130948192,17.12616340395232,13.549363393392923,49.26884785,0,2,0.2620049619267111,0.12867960921579183,0.6093154288574971
0.1936130471018956,1.1773165708520454,1.161383847673335,0.9559479,0,0,0.9519165834142654,0.0473297237310793,0.0007536928546552686
9.436879937498878,11.78519954242173,7.083887803895777,45.18162031666667,0,0,0.5850360163069444,0.16395520511430617,0.2510087785787494
16.61627254813317,16.681465630709592,1.4915021756558249,69.77025239999999,2,2,0.062074466283205836,0.05467771806061322,0.8832478156561809
15.362896901231162,15.496647981984584,2.0526586706515104,72.2158296,2,2,0.11143530509962117,0.07807678852114538,0.8104879063792334
3.642729966766414,10.901423641487725,10.278067879812795,17.46623345,0,0,0.8425655747132905,0.13459842773152556,0.022835997555183788
3.032354888940367,4.471170505213704,3.2863727681741466,13.760731816666668,0,0,0.9173268669550084,0.07747174843510796,0.005201384609883804
9.160593681742808,9.656556184411311,3.0647862236785954,44.539118783333336,0,0,0.6962983037498549,0.1618390143684854,0.14186268188165968
15.473955628011796,16.00148478333857,4.117704500898412,69.34355394999999,2,2,0.08526708659217612,0.06145974744013939,0.8532731659676845
0.5986326828789725,1.6980149971001357,1.589067699417626,2.3518798333333333,0,0,0.9479777315533094,0.05101139874709434,0.0010108696995962262
9.015521903010942,13.729378179618909,10.386777961522968,47.054205216666666,1,0,0.5281912303069703,0.16856324435681633,0.3032455253362134
14.56969181401717,15.43867792866035,5.1535751611715455,74.449135,2,2,0.11884940251125517,0.07423650983915309,0.8069140876495918
9.46883364113086,9.737113309882202,2.277829815902919,58.56498843333333,2,0,0.6810510917062103,0.16562209274343911,0.1533268155503506
11.771316280981717,12.025878681068011,2.4753390868978045,53.62944508333333,0,0,0.44268359891723763,0.1625257474856912,0.39479065359707116
15.777130641643447,19.67521855783408,11.88514025665495,85.06847181666667,2,2,0.025617352899576604,0.024870302581845284,0.9495123445185781
9.863516432929352,9.86555657437524,0.201391451255688,63.6914009,0,0,0.6728835003835528,0.17688253484578811,0.15023396477065917
12.56524384715215,15.407675206223129,8.975986999032159,58.787017383333335,0,2,0.19706422008028648,0.09969235889260267,0.7032434210271108
10.705260580549956,14.737482613119148,10.17549224209472,44.07610146666666,0,2,0.3510947060231131,0.14157409631268567,0.5073311976642012
19.23854913004172,21.14381823556564,8.9210181165233,99.34112011666666,2,2,0.0053862684956851115,0.008266462563334472,0.9863472689409803
1.881977472418557,4.306045390638738,3.873188560636265,8.519292066666667,0,0,0.9268279578673536,0.07014749760057003,0.0030245445320763813
14.001552930225206,14.174423436223003,2.225583509711214,57.9929809,0,2,0.20842065591320938,0.11412108120139379,0.6774582628853969
12.123091522446288,12.7825757643465,4.077514412289588,60.680035466666666,2,2,0.3617908470085785,0.14417302194229717,0.4940361310491243
5.163224289597186,6.205386008137958,3.4448551414525923,23.39543515,0,0,0.8781376864823293,0.10422209546554216,0.017640218052128575
0.7676384672095179,5.01086046694985,4.951901727410757,3.4563169,0,0,0.9290066875518909,0.06899312942173288,0.002000183026376287
7.465115148881683,13.555779459977511,11.337728820639144,47.68667005,1,0,0.6418343778132618,0.17729659576256568,0.1808690264241724
6.886669667157111,10.627478767391713,8.107597390699055,35.8674118,1,0,0.7586429018271289,0.15347584310065376,0.08788125507221739
4.1873372416670485,15.709293901371314,15.14800809414163,24.79516166666667,0,0,0.7412804114421381,0.1931564307510249,0.0655631578068371
3.4576325667460104,3.9955005424190415,2.002747969620202,15.38720055,0,0,0.9171607606853962,0.07739117811668995,0.0054480611979139055
16.772800087974847,17.384560864169007,4.628724835335106,91.66633128333334,2,2,0.03892165557227912,0.035591232445036786,0.9254871119826841
15.339326527939797,16.23786204229241,5.381640682138823,73.58746451666666,0,2,0.07868237075159731,0.05646365473946382,0.8648539745089389
8.947579566680936,13.569791291025936,10.233186780312051,48.48249556666666,0,0,0.5397705129398159,0.1688924066369758,0.2913370804232082
8.872162598125687,13.11821172663551,9.691922401084469,47.299674800000005,2,0,0.5646785257965369,0.16869639762900507,0.26662507657445816
6.574270512068742,8.330921366506177,5.124481914479929,30.25217005,0,0,0.8191990553473989,0.13215464208516392,0.048646302567437225
9.540008641276811,11.297500326614474,6.073040513323406,50.43822761666667,1,0,0.6002782914777274,0.16339176166784303,0.23632994685442954
3.9608064180000735,4.044872174047938,0.8206959445893176,19.52441698333333,0,0,0.9119479162058332,0.08182039257370093,0.00623169122046601
6.053989190786726,6.322237808242038,1.8242500049090609,57.6014005,0,0,0.8618506663882265,0.11374916719102504,0.02440016642074844
6.434172984501827,13.032839175655855,11.349707135218694,45.16014966666667,1,0,0.713900992875548,0.17301107895855994,0.11308792816589203
5.695017788801553,5.994575700599817,1.8732170035354443,29.3442614,0,0,0.8727575374009152,0.10795123624643455,0.01929122635265025
11.134116868078548,21.612920896931563,18.618268251043816,76.30202493333333,2,2,0.10272033025774972,0.07948499445026955,0.8177946752919807
4.930167971627515,5.094943045834362,1.2861774293022563,24.877432266666663,0,0,0.8928084302101983,0.09562748920274242,0.011564080587059314
8.339234432079527,9.663671253691088,4.895666817130802,50.60334483333334,1,0,0.7259868832341146,0.1545849078135003,0.11942820895238503
7.56041618618632,11.723089573882714,8.977865128090627,39.74371188333334,0,0,0.6977156480284629,0.16471507458814974,0.13756927738338728
6.8842238975628645,15.69388907112238,14.12666096137906,33.828402133333334,2,0,0.6079585014942106,0.19465387284341862,0.1973876256623707
2.5663165672193644,3.286645935344057,2.0535398487331804,12.763975983333331,0,0,0.92872835423573,0.0679680478910217,0.0033035978732482776
8.397483360289298,12.379007171072695,9.119171392661173,47.82530915,2,0,0.6260658838974043,0.16830002417058337,0.2056340919320125
-2.26541392820032,7.274787255663331,6.91759123725231,1465.8389173666667,0,0,0.9167807295362633,0.07776636124944818,0.005452909214288401
1.9290467041545531,5.881237788105543,5.55615113746336,9.3430053,0,0,0.9154083723085819,0.08045064864553399,0.004140979045884308
3.619010146715203,12.576663862695291,12.048479663513715,17.64693318333333,0,0,0.8175642604467998,0.1523519815220616,0.030083758031138635
-0.3048093894625632,7.697279971473713,7.692391561386557,1498.85813705,0,0,0.8925094733538819,0.09012502895217953,0.017365497693938744
15.798573822205874,16.888028760494155,6.033232632108707,81.39949523333333,2,2,0.05650155139620218,0.044541549006994016,0.8989568995968037
3.721427120406831,4.4280219708406765,2.400466394817272,19.377009233333336,0,0,0.9115783966101512,0.08168394505800528,0.006737658331843579
7.454244896862233,11.92200412978674,9.322753701382736,45.4154388,0,0,0.6960681252327429,0.16584912112720843,0.13808275364004885
8.374671796873054,11.569151622615744,8.002786984058531,45.34076446666666,2,0,0.6581549179333963,0.16453106961177139,0.17731401245483244
7.763396507953333,9.335046072046252,5.195256502227835,38.70904023333333,0,0,0.7593666194213908,0.1488028860420082,0.0918304945366011
16.16197021453414,20.49939292654675,12.756669318096726,82.86542475,2,2,0.018236555005466525,0.01963387037772391,0.9621295746168095
10.879480990044916,11.433599436576612,3.533078337285531,48.05513286666667,0,0,0.5218166650100052,0.1654046905687749,0.3127786444212197
6.736777964404145,6.9191280408607305,1.5804849049175118,34.58770501666667,0,0,0.8418293819036792,0.12481409482065044,0.0333565232756705
3.381300210818728,4.6580389356315965,3.204593203133413,17.72144248333333,0,0,0.9129202652742272,0.08080921537708974,0.006270519348683235
4.705430205753902,4.822489625935726,1.0567623090989289,24.07506503333333,0,0,0.8979179960457623,0.09220277251941825,0.009879231434819502
4.720319070050035,17.8489847583261,17.224558255461886,22.469220133333334,0,0,0.6658138552538517,0.22038050908747284,0.11380563565867546
8.357876136243988,9.425117837251554,4.367818122737049,41.40670528333333,1,0,0.7346482833885846,0.15379808466863393,0.11155363194278156
4.306129895372625,9.770647420052956,8.774965742817017,25.78339483333333,1,0,0.8461731441008818,0.12826376935021114,0.025563086548907165
-1.2622853274140016,6.26100750714725,6.134572375580007,1482.5695170833335,0,0,0.9163357649628134,0.07564520790591109,0.008019027131275412
6.836134119833887,9.381532820614089,6.435378437749222,37.4403604,0,0,0.7895741575899664,0.14264751224158728,0.06777833016844635
7.773031894217541,8.31732502435692,2.965873328364012,42.1139294,0,0,0.787027331622965,0.14323441384769395,0.06973825452934101
17.215121083206345,17.21825857743224,0.3330630962714167,82.60222855,2,2,0.04975195935341984,0.04953531632382476,0.9007127243227554
9.088478553173516,18.09682388727343,15.69890059377525,45.20476033333333,2,2,0.3393545457161281,0.161390218801622,0.4992552354822499
25.43443339053357,25.51655452287436,2.110144754916803,130.6146386,2,2,0.0003225388062327193,0.0013996204204192587,0.9982778407733481
18.022107768557177,18.2335570695684,2.809598840219508,77.40165914999999,2,2,0.024489285939999803,0.027674953506081103,0.947835760553919
14.375841297326332,18.88452446583318,12.355563980238884,79.85749518333334,2,2,0.05137326086328554,0.041052752826717956,0.9075739863099965
9.239162456469195,12.602090848283156,8.598565112271189,69.35575851666667,2,0,0.555697204895541,0.1642146940140708,0.2800881010903882
17.962246390827616,17.98093791663174,0.8316428730357757,92.13548361666668,2,2,0.030885623128765586,0.0350009048613398,0.9341134720098946
16.78843546930848,17.665101736156192,5.565120547500214,70.64437745000001,2,2,0.03543299584411348,0.03287133849715586,0.9316956656587306
14.334183616110352,15.267183339570249,5.301964317241868,67.13111253333334,0,2,0.13216464804432326,0.07941600175873058,0.7884193501969462
12.165607710973486,14.836572025413776,8.544789050873817,68.48912835,2,2,0.24057862278949427,0.11198554418312325,0.6474358330273825
4.602614118364055,15.317023943495167,14.617912755030376,,0,0,0.7332057582431312,0.19042841611685396,0.07636582564001498
19.02732655334866,20.83748056342935,8.636087429641208,83.44411536666667,2,2,0.006482204492710186,0.009507198201374205,0.9840105973059156
10.393626233593562,12.546202414684103,7.057385706868871,44.96093896666666,0,0,0.48328949457488324,0.15768878729969804,0.3590217181254187
10.655764995512165,16.981252448418545,13.282372241000928,63.78703228333333,2,2,0.2564528386996216,0.1255772098558219,0.6179699514445565
16.374464049206697,16.665559465735722,3.1382379331663515,86.1348108,2,2,0.05791652131609826,0.04875091260359613,0.8933325660803055
4.691318503633959,10.20933696229974,9.073347767655662,25.095817766666663,0,0,0.8319437332826225,0.1353300657327811,0.032726200984596374
5.943977159774018,6.165502411366528,1.6397313418329418,33.00876925,0,0,0.8667077430915042,0.11166280358968375,0.021629453318811942
7.740814540049829,8.250762351047298,2.8618872658791474,40.25206571666667,0,0,0.7898763995862974,0.14260196039747797,0.06752164001622477
17.799976053240435,18.958198125146016,6.618507862489963,82.47689915,2,2,0.01723535615035271,0.019482855615147076,0.9632817882345003
4.949653160907999,7.001994785167281,4.95624254745502,20.75133848333333,0,0,0.8719330160702672,0.10850558653990458,0.01956139738982821
4.248641840033115,4.870283378669797,2.382055097503553,22.24217883333333,0,0,0.9027060611914476,0.08821295447390891,0.009080984334643513
10.339374647796204,25.669953653921723,23.59674475112763,49.423285533333335,2,2,0.07223431564143991,0.07598116243092239,0.8517845219276378
7.306717669344088,12.98324322586904,10.752429569300148,43.57606178333333,1,0,0.6708115335917847,0.17363437957780678,0.15555408683040858
9.32797825293363,10.517857917777803,4.87579112016914,40.74316675,0,0,0.650039756159059,0.16303420547494224,0.1869260383659989
13.184520708754889,17.97029508016048,12.300879395698304,85.58521986666666,0,2,0.09441414379076965,0.062785823588464,0.8428000326207662
12.899599136606952,13.606107152662592,4.357787949359363,71.29652755000001,2,2,0.26781488019295024,0.12301726233595281,0.6091678574710969
9.234811655194823,11.534477119290663,6.933767916085628,50.0970284,1,0,0.6077655440801916,0.16380649912733422,0.22842795679247418
7.379162264127193,7.481649295642141,1.236511919165821,34.42404355,1,0,0.8186514553389743,0.13595228514982718,0.04539625951119853
16.607483586017047,22.76173280811585,15.757996037655287,82.3408608,2,2,0.008962545976384547,0.012157616458488221,0.9788798375651272
1.8488947127977895,9.34133437774034,9.15694317524128,8.720636683333334,0,0,0.8857809341199251,0.1068618447657722,0.007357221114302591
3.937369555245032,3.941519436906364,0.1808927671515334,17.741790700000003,0,0,0.9126307995644226,0.08168871388973313,0.005680486545844182
4.972805596399113,10.84638141990206,9.646313293319963,21.49980783333333,0,0,0.8151167858650666,0.14368921728673217,0.041193996848201186
8.811088919605593,13.12811958504926,9.760757183118244,46.765364,1,0,0.568724030440115,0.16915687750311906,0.262119092056766
15.877573766607815,18.761073729074425,10.105543491433425,82.71398055,2,2,0.031443838382342985,0.0286279957488132,0.9399281658688438
6.050518622476336,7.450979539447426,4.353588313163016,29.53628115,0,0,0.8461616765864451,0.12090587332625137,0.032932450087303396
3.1824643894998035,11.928487859398642,11.498608011842691,15.4030227,1,0,0.8361419159127477,0.14191897235306117,0.02193911173419116
-0.2416877935194948,5.67767791829283,5.67332299514382,1491.2166290166667,0,0,0.9110998707399351,0.07639686441725894,0.012503264842805844
8.511916659204955,8.663079769234283,1.6156631918754556,38.21151106666667,0,0,0.7587817815878789,0.15460812004634006,0.08661009836578097
9.97945836807616,26.389744940266592,24.52714275231577,117.4378664,2,2,0.06774288576017648,0.07451234376400295,0.8577447704758205
13.584908296953788,16.801320965197682,9.964103218395508,109.4720195,2,2,0.10304274025415729,0.06455829954305922,0.8323989602027836
6.690709785730726,6.810499242338258,1.273683662758856,31.18352356666667,1,0,0.844847141310318,0.12397102635964159,0.031181832330040377
4.366592267598425,5.055925087643639,2.5499041221148677,17.952831683333333,0,0,0.8999022556773169,0.0902233173044244,0.009874427018258714
3.673951277828525,4.749824411095188,3.0114459608387847,15.019829833333334,0,0,0.9095806785193888,0.08328169448371352,0.007137626996897651
11.85415534235661,12.463968382991723,3.873270017018683,65.91430376666666,0,2,0.3964615677752751,0.15023861341394917,0.4532998188107757
18.632352250029378,18.67003286198126,1.2043713206711004,77.64175081666667,2,2,0.020751024021391586,0.026405876176034793,0.9528430998025736
7.465437035582106,13.955163865359168,11.814012679804732,39.459411,1,0,0.6296034932862647,0.18020087797970194,0.1901956287340333
3.404625751078556,4.714779636883583,3.262399872488686,15.379783716666669,0,0,0.9123111427497363,0.0813016465967593,0.006387210653504349
2.9737473364701725,4.515828893118482,3.399063934666799,14.633265733333332,0,0,0.9174619882195565,0.0774050623916706,0.0051329493887728814
16.564040098764345,23.1409644185678,16.35838751028382,82.93122799999999,2,2,0.008345988418051757,0.011652463117250583,0.9800015484646977
4.924341620397206,4.929607550277181,0.2279566520952016,47.905925,0,0,0.8936572774336431,0.09584440220049432,0.01049832036586252
9.599074055728096,14.5755608689145,11.007848029851516,39.52743315,0,0,0.44708576675445344,0.16145627823811037,0.39145795500743613
4.721898721239239,4.721961951113895,0.0244519526330577,19.241133816666665,0,0,0.898329040434525,0.09291002838552005,0.008760931179955037
8.545364278255295,10.635736620805416,6.349504637173368,37.70115751666666,0,0,0.6845197531022947,0.16050644246481696,0.1549738044328884
9.919633129453064,10.051034496843192,1.6262058232690322,47.85497221666667,0,0,0.6540190312585935,0.17172303579732695,0.17425793294407954
8.233088698203439,10.891790965062045,7.148689936477069,40.42745773333333,1,0,0.6905950319469963,0.1608138514547677,0.148591116598236
11.287740734723403,11.302848955992731,0.5872485553403521,47.88151883333333,2,0,0.5355361589090817,0.1810453387972081,0.28341850229371024
4.964243560802868,5.413146482843404,2.15991371896655,25.431675466666665,0,0,0.8893147924194398,0.09745453828570523,0.013230669294854988
8.448396019975448,9.119661742872488,3.443249350496614,36.85272986666666,0,0,0.7427489608583984,0.15361429681809743,0.10363674232350432
7.621987976096393,7.920120503741465,2.157096933763114,35.08458155,1,0,0.8021876154502473,0.14005788134969066,0.05775450320006207
11.783516260319436,11.84621982226167,1.2242095823300474,62.528230883333336,0,0,0.46517419615203726,0.1713031856463396,0.36352261820162324
12.062783494110969,13.208295638592777,5.412864946669743,53.97112606666667,2,2,0.3363270616126935,0.13668313801773696,0.5269898003695695
10.267378102669191,16.436648348488184,12.889245642800065,61.001950650000005,1,2,0.30710731299985045,0.13864564802269067,0.5542470389774589
13.13334855849366,13.212876042828936,1.4580709115835475,67.95158016666667,2,2,0.3058326034922286,0.14359817900678834,0.5505692175009831
9.06834458560452,17.051623487799787,14.486004557481806,43.96331881666666,1,2,0.38325397128975297,0.16545124232951494,0.45129478638073206
11.80809477662802,14.859310131171204,9.072406764991428,86.08678966666666,2,2,0.25711599500486515,0.11614045793446766,0.6267435470606673
8.130176344539926,9.569015681806787,5.058746153495463,41.80367196666667,0,0,0.7384618098005598,0.1527857052272112,0.1087524849722291
0.8470863086667423,6.967962739636511,6.916521586184473,4.2053954,0,0,0.9149467820536589,0.08210797962277103,0.0029452383235700993
9.226463099013673,11.445212252665986,6.794618467326529,50.63049033333333,0,0,0.612083492550033,0.1636442615832516,0.22427224586671535
4.817839349250255,10.686175001095997,9.54492501991487,23.100738016666664,0,0,0.8214869634945202,0.14098368283594992,0.03752935366952986
14.137756514412091,16.526520173573406,8.632387037885792,102.70272826666664,2,2,0.09383217905985061,0.060606698525938175,0.8455611224142112
14.31039997067358,14.43493602227809,1.908778397375784,59.297804883333335,2,2,0.1872261092178481,0.10843375371816527,0.7043401370639867
6.680618141507766,6.790145776824613,1.2165262525679736,33.25930591666666,0,0,0.8452969461235962,0.12381269735251961,0.03089035652388423
14.49256159938919,15.033332143595318,4.032197539462118,60.79598441666667,0,2,0.14117803150754143,0.08536650179019781,0.7734554667022608
10.58907875182167,11.29931203670723,3.960559120819824,83.87779958333334,0,0,0.5348288190359749,0.16297188893504555,0.30219929202897955
13.101091346301075,16.295654952795683,9.761231099468093,107.50830873333332,2,2,0.13371289842063694,0.07680811880643665,0.7894789827729264
15.37856236548715,16.494713317777805,6.02644211047226,76.38873746666667,2,2,0.07111822404360511,0.05209272227852844,0.8767890536778665
6.669408439083844,8.05409838974805,4.522128997242021,30.09884828333333,0,0,0.8221645519439157,0.1308193130152358,0.04701613504084841
7.404040473102825,21.38592814742521,20.102919676639573,38.2099985,0,2,0.3546874047935828,0.20010828871886246,0.44520430648755477
2.516828889783811,19.79857092292753,19.640075959054517,16.073782233333333,0,0,0.7048657214316484,0.23795287905856438,0.05718139950978716
8.940614698904945,20.434772607981778,18.43151247605857,40.84202613333333,0,2,0.26643949233485115,0.15508003628267214,0.5784804713824768
3.586828369469316,6.6086520453933,5.552268209137765,19.2161131,0,0,0.8939829559356588,0.0957824596642654,0.01023458440007576
7.064815148702536,8.57626586898861,4.870684298848971,31.794758566666665,0,0,0.8010505632669858,0.13806448742888625,0.06088494930412787
12.516971718879637,18.911888498699863,14.27027223560978,63.1025395,2,2,0.10198797505150786,0.06933129895407712,0.828680725994415
4.634418185222587,4.635151730944673,0.0825102175080019,37.0804061,0,0,0.8997334442076398,0.09165138582356648,0.008615169968793607
13.138288976500966,17.421032688856542,11.524028418267989,78.28944576666666,2,2,0.10833756328194223,0.06842309849720375,0.823239338220854
5.244168572030964,10.088523797298851,8.625642613479727,22.098457516666667,0,0,0.8214761185433814,0.13808479976581378,0.04043908169080484
13.478164617458232,17.91817292110941,11.898404928582464,92.83910341666666,2,2,0.0855029280687223,0.058144963728127955,0.8563521082031497
12.36287403126116,13.402163353624346,5.207711152197248,52.024774650000005,0,2,0.30906714714162553,0.13150724021219837,0.5594256126461762
6.891576581727461,7.937934688318631,3.945654583504165,,0,0,0.8178560980984255,0.13198405526664825,0.05015984663492629
1.9106000215657248,1.929662518238081,0.2705773607895878,9.251545283333334,0,0,0.9400006487606655,0.05824005345798326,0.0017592977813512788
1.2974311432933778,6.998081256526984,6.876941654278198,6.039501666666666,1,0,0.9115076625035146,0.08478255595258498,0.0037097815439004547
14.119968651629176,16.86566114690201,9.3030325868379,59.86925836666667,2,2,0.09174768610255472,0.060528758757279824,0.8477235551401654
12.760354628173214,14.84794983981694,7.6438202461197875,64.26020325,2,2,0.20869404661492025,0.10294931056295141,0.6883566428221283
1.770293045347484,7.699685945320658,7.493713433371397,8.024015200000001,0,0,0.9019163712408835,0.09278022136874543,0.0053034073903710285
7.113612856175975,7.114853695925132,0.1331094268920765,32.873872733333336,0,0,0.8326600344755543,0.1327673432385114,0.03457262228593421
14.515512537244684,14.840260685494332,3.115782663794988,62.750314683333336,0,2,0.15254399201541274,0.09187018557493244,0.7555858224096549
14.171306312507603,18.672838438260893,12.26484953730224,82.94987163333333,2,2,0.05770302464140374,0.0444787246556565,0.8978182507029396
13.440513332225429,17.45543948928222,11.223417685830242,80.75564081666667,2,2,0.09705099565872438,0.06318650692439412,0.8397624974168816
5.700040721751875,15.650223659038552,14.590419290628432,34.950436716666665,0,0,0.6777869776683751,0.19717458966264456,0.12503843266898038
19.994880395260424,22.38226301889837,10.245127728104222,116.06894381666666,2,2,0.002814360211660096,0.0051167575767969336,0.992068882211543
19.38522471685497,20.94171115162465,8.059935246962425,96.11583558333334,2,2,0.005596578689694197,0.008608871734184282,0.9857945495761216
15.14349694663442,21.729883182263645,15.741069226849788,81.63938458333334,2,2,0.020275212979728452,0.022135494945987943,0.9575892920742836
12.669772929578684,12.811459493148046,1.91289942130004,52.53578936666667,2,2,0.3517471101729117,0.1515135891624605,0.4967393006646278
12.344644213060745,12.345192041763944,0.1170399782761819,52.81788175,0,0,0.42420021255212664,0.1748700076419247,0.40092977980594874
4.7492052197118975,5.45329309880027,2.681936802513718,21.638856416666663,0,0,0.8916755842210745,0.09578887780128527,0.012535537977640185
2.207861824741153,2.4145806383547987,0.97759163835849,10.765047916666669,0,0,0.9359586984208125,0.061745850616224826,0.002295450962962546
14.177739692340108,14.486381127876788,3.000150480061506,73.47303575,2,2,0.17756977005854296,0.100706035069316,0.721724194872141
0.8049918740100059,9.908474986646178,9.876082112379834,3.9626376333333337,1,0,0.8902374965611983,0.10494617169612748,0.004816331742674242
2.0535439316200685,2.8681027125565737,2.0023599690020437,9.2413247,0,0,0.9345411567017021,0.06301516065371904,0.002443682644578707
19.54034826635496,21.04143003382965,7.942550318276631,104.71135866666668,2,2,0.005131345992448157,0.008090781951172072,0.9867778720563798
6.758640207091477,20.23072025115742,19.09855600255102,35.3043932,0,0,0.4509349704875148,0.2175226688606641,0.3315423606518212
9.082921527787065,9.204513166254134,1.4958900380980822,39.2951556,0,0,0.7227668609526353,0.16313773632335044,0.11409540272401421
6.540647882615236,6.751675036092926,1.677258074413828,34.06068328333333,0,0,0.8481708125119776,0.12154375908004544,0.03028542840797691
11.16256631110923,13.01066851320676,6.71781142581051,56.23895285,2,2,0.40204596487523897,0.1467770260780827,0.4511770090466782
8.282548439212505,8.357899088216309,1.1226197015857906,46.49800983333333,1,0,0.7748245270244803,0.15155925302737322,0.07361621994814646
7.763063962316024,12.607408921193718,9.955661093237438,38.40101853333333,0,0,0.6580908548185264,0.17093901407971457,0.17097013110175896
14.136751882993105,15.800671236413612,7.118672196378043,58.39931795,2,2,0.11954174643507855,0.0728123672941368,0.8076458862707847
8.724895686961093,9.051871240947143,2.417873229286158,48.77042658333333,0,0,0.7359063042216675,0.15690316813294264,0.10719052764538987
22.62171938295905,22.72921832794956,2.2617404127983605,109.13934446666669,2,2,0.001721038109220721,0.004478610456462073,0.9938003514343172
5.737996057387796,6.217004507524161,2.395537044808691,24.56925835,0,0,0.8694526087576437,0.1095363662670563,0.021011024975299917
2.085034355261072,2.184810902956785,0.6527504301005251,10.214871883333332,0,0,0.9378314901306295,0.06012312550155628,0.002045384367814171
3.136111725851862,16.699986641127275,16.406286703910638,17.389026566666665,1,0,0.753688890926118,0.19914707958533323,0.047164029488548795
1.709127039939191,5.33103953090913,5.049827913777591,9.987410483333331,0,0,0.9209860264863278,0.0756346622506265,0.003379311263045944
12.305534596378562,22.14900084393205,18.53312153066986,56.54397725,0,2,0.060543987135469636,0.053970081888572,0.8854859309759584
7.102575730542777,7.1033868406100025,0.1075336227389698,35.8591258,1,0,0.8329497051262059,0.13263442887913632,0.034415865994657735
8.100554681502514,21.12293551787669,19.55551100160369,41.24628835,2,2,0.307415875298159,0.17860678698062857,0.5139773377212125
10.866511857394164,16.945985720119815,13.065493448871422,64.04820315,2,2,0.24296553130139817,0.12072463085079999,0.6363098378478018
11.241204842974351,30.051913501791947,28.01598980722855,,2,2,0.0222948245665297,0.03767357848582084,0.9400315969476494
5.783360272605764,14.86104821853178,13.704269268874668,26.673861,0,0,0.6969517830543135,0.18955058786118426,0.11349762908450232
11.999809259848734,15.562430784028823,9.968515681412214,51.13617575,2,2,0.2244747735014521,0.10908910661066072,0.6664361198878872
11.247651778582824,12.977122951659291,6.506116389148815,60.51910225,2,2,0.39718959612028926,0.14591211874471202,0.45689828513499875
8.784868977716334,9.905179789668768,4.589278025881697,46.565317316666665,0,0,0.6995449424280794,0.15863697605080618,0.1418180815211144
21.314957621524563,21.60598486660564,3.609731670297265,118.51709548333334,2,2,0.003114794572106526,0.006384974580067839,0.9905002308478256
8.833560817499361,13.81000870658092,10.646838387916349,42.93710876666667,1,0,0.5394305350921912,0.17066978891457016,0.2898996759932386
14.945351614972326,16.049340992988935,5.906607374277542,78.40081005,2,2,0.08999488201766877,0.06099568999849042,0.8490094279838407
0.942136743054966,3.067779680908337,2.919620419834132,4.146905416666667,0,0,0.9395148914672555,0.05894798611420184,0.0015371224185425799
14.581705972961151,14.597239878311171,0.6794560618370724,66.2732415,2,2,0.18253335346691443,0.11210116688301293,0.7053654796500727
15.03256733885324,15.319548778888208,2.980476423360244,75.31159068333334,2,2,0.11910039936094238,0.07871283797866215,0.8021867626603955
11.924061447223863,11.973155205708116,1.0895167679274778,71.95239821666668,2,0,0.4491938063110692,0.1699595076828582,0.3808466860060726
7.808944856950023,9.173247163729592,4.824098905149128,40.73059915,0,0,0.762106639737421,0.14811376628790598,0.08977959397467318
5.029870923829215,9.1378242890482,7.634658899966951,23.59019413333333,1,0,0.8414132058983166,0.12752908275437666,0.031057711347306827
8.435719242250212,9.977829336545648,5.34296217327983,39.2627333,0,0,0.7128269588324553,0.1568767875917183,0.13029625357582644
12.833680362390474,14.852580073289204,7.528267532223424,54.12457156666667,2,2,0.20707491036669304,0.10284206505248784,0.6900830245808192
1.6534680492767992,5.742507465908157,5.499503173294386,7.830198483333334,0,0,0.9184409600333577,0.07802502782465377,0.003534012141988554
13.694514606883963,15.04529170961144,6.280658093544332,61.33429858333333,0,2,0.1612009676013773,0.08881367912073554,0.7499853532778872
8.986025158592392,11.300992284292048,6.874173071955738,57.60315898333333,0,0,0.6309996548139087,0.16312102096193287,0.20587932422415833
7.598275722304722,8.950996634265385,4.74129702460624,34.565503883333335,0,0,0.7758012666021193,0.14506776079779002,0.07913097260009061
10.693388807904016,10.752786080463684,1.1338367479064004,49.383068083333335,1,0,0.5882546177607975,0.17780026496538764,0.23394511727381492
4.696457625963307,5.819453583195704,3.438636863754084,25.337557216666667,0,0,0.8885457628012945,0.09780433320087767,0.013649903997827804
-1.353578854169915,14.83815938653623,14.781798871637475,1449.1488628333332,0,0,0.8187818027038447,0.14964713771952712,0.03157105957662818
8.342558680475245,10.223106784343043,5.924117868208668,59.75572258333333,1,0,0.7052745996951902,0.15717580389104363,0.1375495964137661
14.67389957201442,17.16159072367258,8.98260776371859,,2,2,0.07329772052147764,0.052183931707677586,0.8745183477708448
14.421772451866522,14.649092115219116,2.593809921969495,65.35913383333333,2,2,0.16668100974295244,0.09852790391902666,0.7347910863380208
10.378591078312908,20.80170056439787,18.10555940976633,63.98658146666666,0,2,0.1568183796752399,0.10597681959673201,0.7372048007280281
9.23553414858475,12.479259781057925,8.420287783907952,57.47228986666666,2,0,0.564278224888404,0.16478023845042444,0.2709415366611716
15.988801515074403,16.044298956572213,1.34840489772688,70.22248723333334,2,2,0.08736386650099325,0.06877934408343485,0.8438567894155719
15.821023119668013,16.126461380750058,3.158297690230029,72.41596705,0,2,0.07883836234317286,0.060031917637904705,0.8611297200189224
4.183036729595042,7.202196744986156,5.8656411853150985,16.985997533333332,1,0,0.8806837673535323,0.10451129265845244,0.014804939988015306
5.24269619124053,13.92042441196904,12.90626882210472,44.597085066666665,0,0,0.742108369558222,0.17773068539983514,0.08016094504194288
